ID,Finished,Hsovrhlth,HSfeel_1,HSfeel_3,Persuprt_prb,Persuprt_bst,Persuprt_ind,Persuprt_exp,Persuprt_grd,Persuprt_knw,Persuprt_tim,Persuprt_fun,Parsuprt_prb,Parsuprt_bst,Parsuprt_ind,Parsuprt_exp,Parsuprt_grd,Parsuprt_frd,Parsuprt_tim,Parsuprt_fun,EDcrcmp,Edgpa,brthyr,biosex,ethncty,race,race_TEXT,marysts
1,1,85,1,1,2,7,5,3,3,7,7,7,2,5,5,4,5,5,7,7,7,3.174,1992,1,2,1,,2
2,1,85,1,1,1,5,5,5,5,5,5,5,3,5,5,5,5,3,4,5,11,3.414,1991,1,2,1,,2
3,1,71,1,1,2,3,3,5,3,6,7,7,3,6,6,6,6,5,3,5,5,3.448,1995,2,1,7,,1
4,1,61,2,2,1,7,5,7,7,7,5,7,1,7,7,6,7,3,7,7,10,3.300,1995,2,2,1,,1
5,1,67,4,4,7,1,4,4,1,4,1,5,1,3,4,5,4,7,1,6,4,3.217,1991,1,2,1,,1
6,1,60,1,2,2,5,5,6,5,6,6,5,4,5,6,4,5,4,5,4,8,3.149,1996,2,2,1,,2
7,1,81,3,2,6,6,5,5,5,4,6,7,1,7,6,6,6,1,7,6,6,3.991,1997,2,2,1,,1
8,1,97,3,3,3,7,6,7,7,7,7,7,1,7,7,6,5,1,7,7,5,3.758,1997,2,2,6,I prefer not to say,1
9,1,70,3,2,1,7,6,6,7,6,7,7,1,8,5,5,6,2,5,6,4,3.848,1995,1,2,1,,4
10,1,78,2,2,1,7,7,7,6,6,5,5,1,7,7,7,7,1,7,7,9,3.904,1994,2,2,1,,1
11,1,88,3,3,1,7,7,7,7,7,7,7,1,7,7,7,7,1,7,7,2,1.677,1995,2,2,2,,1
12,1,85,1,1,1,7,7,6,7,6,7,7,1,7,7,7,7,2,6,3,7,3.463,1996,2,1,1,,1
13,1,60,2,2,1,7,7,7,4,6,7,7,1,7,7,7,6,6,5,6,9,3.775,1994,2,2,1,,1
14,1,50,2,1,2,5,5,6,4,4,4,4,3,4,3,1,4,4,4,4,12,3.808,1983,2,2,1,,2
15,1,75,1,1,6,6,7,7,1,3,5,5,1,6,6,5,1,6,5,5,10,3.611,1990,2,2,1,,1
16,1,80,2,2,2,6,4,5,5,3,5,6,1,7,6,6,5,5,6,6,7,3.814,1994,1,2,1,,1
17,1,62,2,3,1,7,6,5,7,6,7,7,1,7,7,6,7,1,7,6,5,3.742,1996,2,2,1,,1
18,1,70,2,3,2,7,7,7,6,5,6,7,1,7,6,7,7,4,5,6,9,3.685,1995,2,2,1,,3
19,1,87,2,3,5,5,5,5,2,6,5,6,5,6,4,5,5,3,6,6,5,1.510,1996,2,2,1,,4
20,1,86,1,1,1,7,7,7,8,6,6,7,1,7,7,6,3,1,6,6,6,3.368,1995,2,1,6,Mexican,1
21,1,76,1,1,1,7,5,7,7,3,7,7,1,7,7,7,7,3,7,7,11,3.576,1990,2,2,1,,1
22,1,85,1,1,2,5,6,7,5,6,5,5,1,6,7,5,7,2,7,6,8,2.335,1991,1,2,1,,1
23,1,66,1,2,2,7,4,5,6,4,4,7,1,7,7,7,7,1,7,7,7,3.876,1996,2,2,1,,1
24,1,73,2,3,5,5,5,5,5,4,5,5,1,6,7,5,5,4,6,7,9,2.665,1992,2,2,1,,1
25,1,80,2,3,1,6,5,6,6,6,3,6,1,7,6,7,7,2,5,6,7,2.744,1995,1,2,1,,1
26,1,85,1,1,1,7,7,6,6,5,7,7,1,7,6,6,7,2,3,7,6,3.899,1998,2,2,1,,1
27,1,95,1,1,1,7,5,6,4,6,7,7,1,7,5,5,7,1,7,7,3,3.955,1998,2,2,1,,1
28,1,85,1,1,1,7,7,7,7,5,7,7,1,7,7,7,7,1,7,7,6,3.769,1997,2,2,4,,1
29,1,85,2,2,2,6,6,5,5,7,7,7,1,6,4,6,5,2,6,3,6,3.875,1997,2,2,1,,1
30,1,80,1,2,2,6,6,6,5,4,3,5,1,7,7,6,6,1,7,6,1,3.309,1997,2,2,1,,1
31,1,74,1,1,2,6,6,6,4,6,5,5,2,7,5,6,6,2,6,7,6,3.611,1994,1,2,1,,2
32,1,87,3,3,7,7,7,7,7,7,7,7,1,7,7,5,5,3,6,6,10,3.621,1992,2,2,1,,1
33,1,40,3,3,3,7,3,3,5,5,5,5,1,7,6,5,7,4,5,7,4,3.263,1996,2,2,1,,1
34,1,70,1,2,2,6,4,7,7,6,6,6,2,7,7,7,7,6,7,4,4,3.451,1997,2,1,7,,1
35,1,85,1,1,2,6,6,5,4,5,3,4,2,5,6,6,6,6,4,4,4,3.558,1994,1,2,4,,1
36,1,82,2,3,4,6,6,7,5,3,6,5,6,6,4,3,5,6,4,5,5,3.555,1994,1,2,1,,1
37,1,80,2,2,3,7,6,6,6,6,4,7,2,7,6,6,7,2,3,6,11,3.100,1988,1,2,1,,2
38,1,100,1,1,4,7,7,4,6,4,7,7,1,7,7,4,7,4,7,5,9,2.319,1992,1,2,1,,1
39,1,41,2,3,6,6,5,4,5,4,6,6,2,7,7,6,6,1,7,5,11,2.794,1994,2,2,1,,1
40,1,70,2,3,4,4,4,4,4,4,4,4,4,7,6,4,7,4,4,4,3,4.000,1997,2,2,4,,1
41,1,90,1,1,1,6,6,6,6,7,7,6,1,7,6,6,7,1,7,7,8,3.645,1994,2,2,1,,2
42,1,77,1,3,5,5,6,6,3,7,7,5,7,6,6,3,6,5,7,7,4,3.078,1997,2,2,1,,1
43,1,71,1,1,1,7,7,5,7,7,7,7,1,7,7,5,7,1,7,7,1,3.008,1997,2,1,,,1
44,1,85,1,1,2,6,6,6,6,6,6,6,2,7,7,6,7,6,6,6,3,4.000,1993,2,2,1,,1
45,1,78,3,1,2,7,7,4,5,5,7,7,1,7,7,7,7,1,7,7,9,2.877,1994,2,2,1,,1
46,1,79,1,1,7,7,6,7,1,5,7,7,1,7,3,5,1,5,5,7,6,3.133,1995,1,1,1,,1
47,1,79,1,2,2,7,7,7,7,7,7,7,1,7,7,7,7,5,7,7,7,2.659,1992,1,1,1,,1
48,1,91,1,1,1,7,6,6,3,6,7,6,1,7,7,6,7,1,6,7,7,3.656,1992,1,2,1,,2
49,1,82,1,1,1,7,7,7,7,7,7,7,1,7,7,7,7,2,7,7,7,3.735,1992,1,2,1,,2
50,1,78,4,4,3,6,7,6,7,7,7,5,1,7,7,3,7,3,7,6,9,3.651,1994,2,2,1,,1
51,1,80,3,2,1,6,6,7,5,7,7,7,3,7,6,7,7,5,6,6,2,2.586,1997,2,2,1,,1
52,1,90,1,2,1,6,5,5,4,6,5,5,1,7,6,5,6,2,5,6,1,3.871,1998,2,2,1,,1
53,1,75,2,1,1,5,6,6,4,6,7,7,1,7,7,7,4,1,7,6,10,4.000,1994,2,2,1,,1
55,1,99,1,3,1,7,7,5,7,7,7,7,1,7,7,6,7,2,7,7,9,4.000,1996,2,2,1,,1
56,1,80,3,2,3,5,5,5,6,6,7,6,3,7,7,6,7,1,7,7,7,2.823,1995,2,2,7,,2
57,1,80,3,3,2,6,6,6,5,7,5,6,7,7,7,6,6,3,6,6,11,2.546,1993,2,2,1,,1
58,1,62,2,2,3,5,5,5,3,5,3,5,1,7,7,5,7,5,7,7,10,3.932,1994,2,2,1,,2
59,1,49,4,4,7,4,4,4,1,2,4,2,4,1,1,1,4,5,7,5,3,3.374,1995,2,2,1,,1
60,1,80,1,1,1,7,7,7,7,7,7,7,1,7,5,6,6,2,7,7,11,3.820,1994,2,2,1,,4
61,1,89,3,2,3,5,5,4,5,6,6,6,1,7,6,6,6,3,7,6,8,2.777,1997,2,2,1,,1
62,1,92,1,1,1,7,4,4,7,7,7,7,1,7,7,7,7,4,7,3,8,4.000,1992,1,1,6,Mexican,2
63,1,100,4,4,7,7,7,7,7,7,7,7,1,7,7,7,7,1,7,7,7,3.626,1994,1,2,1,,1
64,1,70,2,2,1,7,7,7,7,5,7,7,4,7,7,4,7,4,4,4,8,3.037,1996,2,1,6,,1
65,1,76,3,3,6,5,7,3,1,5,6,7,1,7,7,4,7,7,7,7,1,2.062,1997,2,2,1,,1
66,1,95,3,3,1,7,6,7,7,7,7,7,7,7,7,7,5,1,7,7,3,2.535,1998,2,2,1,,1
67,1,41,2,3,3,7,7,4,7,7,7,7,1,7,7,7,7,1,5,5,3,3.144,1997,2,2,4,,1
68,1,92,1,3,2,6,7,7,7,5,5,5,2,7,7,5,7,4,5,5,11,2.801,1993,2,2,1,,1
69,1,80,1,1,1,4,5,4,3,5,5,6,1,7,7,5,5,2,7,5,10,3.003,1995,2,2,1,,4
70,1,78,1,2,1,7,7,7,7,6,6,5,1,7,7,7,7,2,6,7,3,3.814,1997,2,2,1,,1
71,1,68,2,1,1,7,7,5,6,4,6,5,1,7,7,5,7,1,5,6,11,3.848,1994,1,2,1,,1
72,1,63,3,4,6,6,7,6,6,7,6,2,1,7,7,7,7,4,6,5,6,3.651,1997,1,2,1,,1
73,1,71,1,2,2,7,6,6,5,5,7,7,1,7,5,6,6,1,6,6,6,3.850,1995,2,2,1,,1
74,1,60,1,1,1,7,7,5,7,7,7,7,1,7,7,7,7,4,6,6,4,3.563,1994,1,2,7,,1
75,1,65,1,2,3,4,4,4,3,4,5,7,2,6,6,4,3,5,4,4,3,3.703,1998,2,2,1,,1
76,1,88,2,2,1,7,7,7,7,7,7,7,2,7,7,5,3,3,5,5,9,3.608,1993,2,2,1,,1
77,1,85,3,4,1,7,7,6,7,7,7,7,1,7,7,7,7,1,7,7,10,3.716,1995,2,2,1,,1
78,1,80,3,2,1,7,7,5,5,7,7,7,1,7,7,7,7,3,7,7,9,2.817,1996,2,2,1,,1
79,1,90,1,1,1,6,6,6,6,5,6,6,1,7,7,6,5,4,7,7,4,3.668,1995,1,2,1,,1
80,1,81,1,1,3,4,4,4,4,4,4,5,3,7,7,6,7,5,5,5,8,3.741,1993,1,2,1,,2
81,1,95,1,2,1,6,7,7,4,6,7,7,1,7,7,7,5,3,7,6,7,3.499,1994,2,2,1,,1
82,1,70,3,3,2,6,6,5,6,6,5,5,1,7,6,6,7,2,7,6,10,2.530,1990,1,2,1,,1
83,1,78,4,4,5,4,7,7,5,5,6,6,6,6,4,3,5,5,5,3,8,3.926,1996,2,2,1,,1
84,1,52,1,1,1,7,5,5,5,7,7,7,1,7,7,7,7,1,7,5,7,3.611,1993,2,2,1,,2
85,1,82,3,3,6,5,6,6,3,5,7,7,5,6,3,2,5,3,5,6,4,3.600,1995,1,2,1,,1
86,1,80,1,1,1,6,5,6,4,5,7,7,1,7,7,7,7,5,7,7,9,3.008,1991,1,2,1,,1
87,1,60,4,3,5,7,6,6,5,6,6,6,1,7,5,4,6,5,3,7,11,3.561,1990,1,2,1,,1
88,1,75,1,1,6,5,3,5,1,1,1,1,1,7,7,7,5,2,7,7,8,3.955,1994,2,2,1,,2
89,1,68,4,3,1,6,6,5,5,3,7,7,1,7,6,5,6,1,7,3,9,3.285,1995,2,2,1,,1
90,1,90,1,2,6,7,7,7,6,5,6,5,7,7,7,7,6,3,7,6,3,3.775,1998,2,2,1,,1
91,1,39,4,3,2,4,5,7,6,4,6,7,4,1,3,6,4,3,4,3,11,2.992,1993,2,1,6,Mexican/Hispanic ?,1
92,1,81,1,1,1,1,7,7,4,6,7,7,2,6,6,6,1,3,5,4,12,3.914,1993,1,2,1,,1
93,1,55,2,2,3,6,4,4,4,5,5,3,2,1,1,2,6,2,6,4,6,3.493,1995,2,2,1,,2
94,1,75,1,1,1,7,7,7,6,5,7,7,1,7,7,7,6,3,7,6,10,3.470,1992,1,2,1,,1
95,1,94,2,3,4,7,5,7,5,5,3,4,7,7,6,3,5,5,3,5,4,2.955,1997,2,2,4,,1
96,1,100,1,1,1,7,7,7,7,3,5,5,1,7,7,5,7,1,7,7,11,3.859,1995,2,2,1,,2
97,1,68,1,1,5,5,5,5,4,5,7,7,6,7,7,7,7,7,7,7,7,3.313,1995,2,2,1,,2
98,1,74,4,2,7,7,7,7,7,7,7,7,1,7,7,7,7,1,7,2,6,3.776,1997,2,2,1,,1
99,1,92,1,2,3,6,5,6,4,5,6,7,1,7,7,7,7,3,5,4,12,2.603,1992,2,1,1,,1
100,1,80,1,1,1,7,6,7,5,4,4,7,1,7,7,7,7,1,7,7,10,3.248,1994,2,2,1,,1
101,1,73,1,2,1,5,6,6,6,6,7,7,1,5,6,4,7,1,6,6,1,3.471,1998,2,2,7,,1
102,1,71,1,2,1,7,6,4,4,7,7,6,1,7,6,4,7,1,7,7,3,3.470,1998,2,2,1,,1
103,1,87,3,4,5,5,5,6,4,6,7,7,5,5,5,3,3,4,5,5,6,3.556,1997,2,2,1,,1
104,1,90,1,2,2,6,6,5,5,5,7,7,1,7,5,6,6,1,7,7,10,3.820,1995,2,2,1,,1
105,1,80,1,2,1,7,7,6,2,2,6,6,1,7,7,6,3,5,5,5,11,2.968,1990,1,2,1,,1
106,1,80,1,1,1,7,7,7,7,6,6,6,1,7,7,7,5,5,7,7,8,3.966,1992,1,2,1,,2
107,1,92,1,1,1,7,7,7,7,6,7,7,1,7,7,7,5,3,7,5,11,3.227,1995,2,2,1,,1
108,1,83,2,1,1,7,6,3,6,7,7,7,1,7,6,5,7,1,6,7,9,3.351,1993,2,2,1,,4
109,1,71,2,3,1,7,7,6,5,3,7,7,1,7,6,5,6,2,7,7,11,3.797,1995,2,2,1,,1
110,1,85,2,1,1,6,6,5,3,7,5,7,3,7,6,4,3,2,7,5,11,3.808,1995,2,2,1,,1
111,1,87,1,1,2,7,7,7,5,6,7,7,1,7,7,6,6,2,5,7,5,3.532,1994,1,2,4,,1
112,1,80,2,2,1,7,7,6,4,5,7,5,1,7,7,7,5,2,7,7,10,4.000,1988,2,2,1,,1
113,1,79,2,3,3,5,4,5,5,5,5,7,3,5,5,3,3,1,3,5,5,3.817,1992,2,2,4,,1
114,1,80,1,1,2,6,4,5,5,5,5,5,1,7,5,6,7,1,5,7,11,3.006,1993,2,2,1,,2
115,1,71,4,4,1,7,7,7,7,7,7,7,4,7,7,5,6,1,7,3,11,3.206,1996,2,2,7,,1
116,1,71,4,3,1,7,6,5,5,5,5,6,1,7,7,7,7,3,7,5,10,3.796,1993,2,2,1,,1
117,1,90,2,1,2,6,6,4,6,6,7,7,2,6,5,5,5,1,7,7,11,3.003,1992,2,2,1,,1
118,1,70,3,2,2,5,4,5,3,5,5,6,1,2,1,3,7,5,3,4,6,3.651,1996,2,2,1,,4
119,1,75,2,3,2,6,6,4,6,6,6,3,6,6,6,6,6,2,5,4,9,2.552,1995,2,2,1,,2
120,1,95,2,3,3,3,3,3,4,2,3,4,1,7,7,5,7,3,5,7,3,3.600,1994,1,2,1,,1
121,1,80,1,1,2,5,3,5,5,5,7,7,1,6,6,7,7,5,6,7,2,1.825,1997,1,2,1,,1
122,1,92,1,2,3,6,4,6,4,5,5,5,2,5,5,4,5,4,4,5,12,3.042,1991,1,2,1,,1
123,1,100,2,2,2,7,6,5,7,7,7,7,1,7,6,5,7,1,5,3,12,3.576,1990,2,2,1,,1
124,1,100,3,4,2,7,4,5,3,6,7,7,6,7,4,3,6,5,3,1,9,2.941,1993,2,2,2,,1
125,1,85,1,1,1,7,7,7,7,7,7,7,1,7,7,6,7,1,7,7,6,4.000,1997,2,2,1,,1
126,1,92,2,1,1,7,7,7,7,5,6,7,1,7,7,3,6,5,6,6,8,3.617,1995,2,2,1,,2
127,1,70,2,3,5,5,5,4,6,7,6,5,4,5,4,4,7,5,5,5,6,2.265,1992,1,2,7,,1
128,1,70,1,2,1,7,7,6,6,6,7,7,1,7,7,6,4,3,6,5,8,2.362,1991,1,1,6,Hispanic,1
129,1,71,1,1,6,5,4,3,5,3,4,5,1,7,7,6,6,3,7,5,3,4.000,1998,2,2,6,"half Armenian, then a mix",1
130,1,61,1,1,5,4,6,6,5,4,7,7,1,7,7,7,7,1,7,7,11,3.544,1993,2,2,1,,1
131,1,85,1,2,5,6,6,5,6,5,6,6,1,7,7,6,7,3,7,6,6,3.626,1996,2,2,1,,2
132,1,72,1,1,2,6,6,6,6,6,6,6,2,6,6,5,5,5,4,2,10,3.031,1991,2,2,1,,2
133,1,98,2,2,2,6,6,5,4,5,5,5,3,6,5,5,6,2,6,7,8,3.415,1991,1,2,1,,1
134,1,72,1,1,1,6,5,6,5,7,7,6,1,7,6,6,4,3,6,5,10,3.494,1987,1,2,1,,2
135,1,94,1,1,1,6,6,6,3,5,7,7,1,7,7,7,7,6,6,6,7,3.268,1993,1,2,7,,1
136,1,65,1,1,1,7,6,4,5,6,6,7,1,7,7,7,7,3,6,6,11,3.363,1994,2,2,1,,1
137,1,70,2,2,1,6,6,6,3,6,7,6,7,7,7,6,4,2,7,7,12,3.882,1994,2,2,1,,1
138,1,81,1,1,3,5,5,3,5,3,5,6,1,7,7,7,7,1,7,7,11,3.681,1995,2,2,1,,1
139,1,86,1,2,1,7,7,5,7,4,7,7,1,7,7,6,7,1,7,7,9,3.623,1995,2,2,1,,1
140,1,80,1,2,1,7,7,7,7,7,7,7,1,7,7,7,7,1,7,7,12,3.592,1992,2,2,1,,2
141,1,91,2,1,1,7,7,7,6,5,6,5,1,7,7,7,6,2,7,7,11,3.848,1995,2,2,1,,2
142,1,62,1,2,2,7,7,7,6,7,7,7,1,7,7,6,6,1,7,7,3,3.668,1998,2,2,1,,1
143,1,92,2,2,5,5,6,7,5,5,5,6,5,5,5,4,4,5,5,4,9,3.115,1991,1,2,1,,1
144,1,60,1,1,3,7,7,7,6,7,7,7,1,7,7,7,7,2,7,7,10,2.801,1994,2,2,1,,1
145,1,75,3,3,3,4,4,4,4,5,7,7,2,6,6,4,7,3,5,5,5,3.656,1997,2,2,1,,1
146,1,71,1,1,1,6,6,5,5,6,7,7,1,7,7,5,7,2,7,6,11,3.476,1993,2,2,1,,1
147,1,87,2,2,2,7,7,4,7,7,7,7,1,7,7,7,7,1,7,7,12,3.003,1990,1,2,1,,1
148,1,62,2,1,5,5,5,5,6,3,5,6,1,7,7,6,7,1,7,7,11,3.786,1994,2,2,1,,2
149,1,100,1,1,1,3,7,6,1,5,5,6,1,7,5,5,5,7,5,7,1,4.000,1998,2,2,1,,1
150,1,81,4,3,5,5,5,3,6,6,6,7,1,7,7,5,7,5,6,7,3,3.527,1997,1,2,1,,1
151,1,75,1,1,1,7,7,7,2,7,7,7,2,6,6,6,2,2,5,6,11,3.966,1992,1,2,1,,1
152,1,77,2,3,4,4,5,4,4,7,6,6,1,7,5,4,5,4,4,3,9,3.696,1992,1,2,1,,1
153,1,85,3,2,3,6,6,5,5,6,7,7,7,6,6,7,5,5,7,7,11,3.504,1992,1,2,1,,2
154,1,87,1,1,1,7,6,5,5,3,7,7,1,7,7,6,7,2,6,6,6,3.342,1997,2,2,1,,1
155,1,76,2,1,1,6,5,5,5,5,5,6,1,7,7,5,6,3,5,6,9,3.255,1992,1,2,1,,1
156,1,92,1,1,1,6,7,7,7,6,7,7,1,7,7,7,7,5,7,7,9,3.194,1994,2,2,1,,1
157,1,80,1,1,3,5,4,4,4,5,6,6,2,6,5,4,6,3,7,7,10,3.566,1992,1,2,1,,1
158,1,70,2,2,1,6,6,5,5,5,7,6,1,7,6,6,5,2,6,7,5,3.807,1995,2,2,1,,1
159,1,68,2,4,1,7,7,7,7,7,8,7,1,7,7,7,7,4,7,7,1,3.733,1996,1,2,1,,1
160,1,81,2,2,3,5,3,5,4,3,7,6,1,7,7,6,4,2,6,6,7,3.865,1993,1,2,1,,2
161,1,80,3,1,3,6,6,7,7,7,7,6,3,7,7,3,5,3,5,5,7,3.316,1992,1,2,1,,4
162,1,75,3,1,1,7,7,7,7,6,7,7,1,7,7,7,7,1,7,7,8,3.775,1995,2,2,1,,2
163,1,86,3,4,5,5,4,5,7,5,7,6,7,7,7,7,7,1,7,6,9,3.882,1996,2,2,1,,1
164,1,80,3,2,3,7,7,7,5,7,7,7,7,7,7,7,7,7,7,7,9,2.885,1996,2,2,1,,1
165,1,75,1,3,4,6,6,4,5,5,6,5,2,6,6,5,6,2,6,6,5,3.458,1994,2,2,1,,1
166,1,90,2,2,2,6,6,5,7,5,7,7,2,7,7,5,4,2,7,6,7,2.301,1994,2,1,1,,2
167,1,92,2,3,7,7,7,7,6,7,7,7,7,7,7,7,5,1,5,7,6,1.885,1997,2,2,1,,1
168,1,81,1,1,5,5,5,5,3,4,6,6,2,7,7,3,3,7,3,6,5,4.000,1994,1,2,1,,1
169,1,90,1,3,3,6,7,6,5,5,4,4,2,7,6,5,6,5,4,5,6,3.786,1994,2,2,1,,1
170,1,62,1,3,4,5,5,3,6,6,5,5,3,7,7,4,7,5,6,6,10,3.769,1996,2,2,1,,1
171,1,70,3,3,3,6,6,5,5,3,5,5,1,7,7,7,5,2,7,6,4,3.420,1990,2,2,1,,2
172,1,93,1,1,1,8,7,7,6,7,7,7,2,7,5,2,3,4,6,3,7,3.656,1994,2,2,1,,2
173,1,82,1,2,2,6,6,5,5,5,5,6,1,7,5,6,6,6,7,6,4,3.859,1994,1,2,1,,1
174,1,80,3,2,3,6,6,6,3,6,6,6,1,7,5,6,3,2,7,7,11,3.165,1993,2,2,1,,2
175,1,70,1,1,1,7,7,7,7,7,7,7,7,7,7,7,7,4,7,7,6,2.518,1992,1,2,1,,1
176,1,75,1,1,2,6,6,5,6,5,6,6,2,7,7,6,7,2,6,6,10,2.473,1993,2,2,1,,1
177,1,67,1,3,5,7,5,6,7,3,5,5,4,7,7,5,7,1,6,7,8,2.886,1993,2,2,1,,1
178,1,91,1,1,1,7,7,5,6,6,7,7,1,7,7,7,7,1,7,7,8,3.696,1995,2,2,6,There is only the human race!,1
179,1,90,1,1,1,7,7,7,7,5,7,7,1,7,7,7,7,1,6,7,9,3.458,1994,2,2,1,,1
180,1,80,1,2,2,4,5,5,2,6,6,7,3,7,7,5,2,6,6,7,11,3.054,1984,1,1,1,,1
181,1,75,3,1,1,7,7,6,6,5,6,6,2,6,6,5,6,3,5,7,7,2.338,1996,2,2,7,,1
182,1,80,3,1,1,6,7,5,4,3,4,7,1,7,7,7,6,3,6,7,3,3.583,1986,1,2,1,,2
183,1,91,1,2,4,3,5,6,2,5,6,5,4,5,5,3,5,6,6,2,9,3.450,1988,1,2,4,,1
184,1,52,2,3,5,7,4,4,6,7,6,5,1,7,7,7,7,1,7,7,7,3.538,1994,2,2,1,,1
185,1,90,3,2,5,7,7,3,3,7,7,7,1,7,7,5,7,1,7,7,9,3.003,1995,2,2,5,,2
186,1,71,3,4,6,6,6,3,5,5,5,5,6,3,3,3,3,7,3,3,4,3.830,1998,2,2,4,,1
187,1,90,1,1,1,7,7,7,7,7,7,7,7,7,7,7,7,1,7,7,4,2.530,1991,2,2,1,,2
188,1,97,1,2,4,7,7,5,6,5,6,6,1,7,7,5,7,5,7,7,8,3.932,1996,2,2,1,,1
189,1,65,3,2,1,6,7,6,5,6,7,7,1,7,7,7,6,2,6,7,9,2.670,1995,2,2,1,,1
190,1,87,2,2,3,6,6,6,6,6,6,6,2,7,7,6,6,3,7,7,5,4.000,1993,1,2,1,,1
191,1,68,4,3,6,5,7,4,3,5,3,5,1,7,7,5,6,7,6,5,8,2.994,1996,2,2,1,,1
192,1,80,2,1,1,7,7,7,5,5,7,6,1,7,6,6,7,1,7,6,7,3.576,1996,2,2,1,,2
193,1,67,4,4,2,6,4,4,5,5,7,6,1,7,7,7,7,1,7,6,8,3.206,1995,2,2,1,,1
194,1,90,1,2,6,5,6,6,6,6,5,7,7,7,7,7,6,2,7,5,8,3.871,1996,2,2,1,,1
195,1,77,2,2,1,6,6,6,4,5,6,7,2,7,6,5,7,3,7,3,9,2.394,1993,1,2,1,,1
196,1,81,1,2,1,7,5,6,7,6,7,7,2,6,5,5,6,3,6,3,8,3.794,1994,2,2,1,,1
197,1,75,3,2,2,5,4,5,4,6,6,5,3,7,7,7,7,4,5,4,7,3.144,1992,1,2,1,,1
198,1,92,2,2,3,6,6,5,3,5,5,7,1,6,6,7,7,5,6,7,5,3.223,1993,1,2,1,,1
199,1,40,2,2,5,5,5,5,4,4,5,6,6,7,6,6,7,6,5,5,6,2.906,1994,1,1,6,Latino,1
200,1,82,1,2,7,7,5,6,6,7,3,7,2,6,5,5,3,4,3,6,5,3.301,1994,1,2,1,,1
201,1,60,1,2,1,7,7,7,7,7,7,7,1,7,7,7,7,1,6,7,7,2.714,1993,2,2,1,,1
202,1,80,2,4,4,5,7,5,7,7,5,7,7,7,7,4,7,1,2,5,4,3.876,1996,2,2,1,,1
203,1,70,2,3,1,5,6,5,4,4,4,7,1,6,6,5,6,6,6,5,2,2.052,1994,1,2,1,,1
204,1,74,4,4,5,5,6,5,7,6,5,6,1,7,5,3,5,2,6,6,3,3.843,1996,1,2,1,,1
205,1,85,1,2,1,6,6,6,7,5,6,7,1,7,7,7,7,1,6,6,4,3.954,1993,2,1,6,Hispanic,1
206,1,71,1,2,1,7,7,6,6,6,6,6,1,7,7,5,6,5,6,6,3,3.294,1994,1,2,6,Human,1
207,1,78,1,2,6,6,6,6,5,5,6,5,1,6,6,6,5,2,7,7,5,3.876,1994,1,2,1,,1
208,1,95,1,1,1,5,5,7,4,7,7,7,1,7,7,7,7,1,7,7,7,2.924,1991,1,2,1,,4
209,1,93,1,1,1,7,7,7,7,7,7,7,1,7,7,6,7,3,7,7,10,3.436,1993,1,2,1,,2
210,1,93,1,1,1,7,6,6,5,7,7,7,2,1,3,2,6,3,3,6,10,3.565,1991,1,2,1,,2
211,1,72,2,1,1,7,7,7,1,7,7,7,1,7,7,7,7,1,7,7,6,3.423,1997,2,2,1,,1
212,1,87,2,2,2,7,6,3,3,5,6,5,6,6,6,6,2,3,5,6,12,3.986,1994,2,2,1,,2
213,1,98,2,1,3,7,7,7,7,7,7,7,7,7,7,7,5,5,5,7,12,3.008,1992,2,2,7,,1
214,1,68,1,1,1,7,5,5,6,6,7,7,2,7,5,6,5,1,6,7,12,3.600,1994,2,2,1,,1
215,1,85,2,1,4,5,3,5,5,7,7,7,5,3,1,3,3,5,4,1,4,3.953,1993,2,2,4,,1
216,1,81,4,4,6,5,5,3,5,4,5,5,3,7,7,7,5,3,5,7,6,3.878,1988,1,2,1,,2
217,1,90,1,3,7,7,8,6,5,8,7,7,1,7,7,7,6,1,7,7,7,3.760,1995,2,2,1,,1
218,1,87,1,3,6,6,6,3,4,5,5,5,1,7,7,6,7,5,5,6,6,3.553,1995,2,2,1,,1
219,1,85,1,3,1,6,6,6,6,5,5,7,1,7,7,7,6,6,7,7,1,3.521,1995,1,2,1,,1
220,1,80,1,2,3,3,3,4,3,5,4,5,3,5,5,3,3,5,2,4,2,3.135,1994,1,2,1,,1
221,1,65,1,1,1,7,7,7,5,7,7,7,1,7,7,7,7,1,7,7,9,3.837,1996,2,2,1,,2
222,1,91,1,1,4,6,5,5,5,5,7,7,1,7,7,4,6,2,7,7,5,2.923,1994,2,2,1,,1
223,1,88,3,1,1,7,7,7,4,7,7,7,1,6,6,5,6,1,5,4,10,3.290,1995,2,2,1,,2
224,1,100,1,1,1,6,6,6,5,5,6,7,1,7,7,6,6,3,6,7,8,3.615,1995,2,2,1,,2
225,1,90,1,1,2,5,6,4,5,6,5,6,1,7,7,5,6,2,6,6,10,3.408,1992,1,2,1,,2
226,1,76,2,4,6,6,6,5,4,3,6,6,1,6,5,4,6,3,6,5,10,2.648,1995,1,2,7,,1
227,1,71,3,3,8,8,8,8,8,2,2,2,6,6,6,3,6,7,2,2,11,3.070,1992,2,2,1,,1
228,1,80,1,1,1,7,7,5,6,5,6,7,1,7,7,6,6,2,6,7,8,3.656,1994,2,2,1,,1
229,1,83,1,1,2,6,6,7,5,7,7,7,1,7,7,7,4,1,7,7,7,3.402,1993,1,2,1,,2
230,1,49,1,1,7,7,7,7,7,7,7,7,7,7,7,7,7,7,7,7,11,1.448,1994,2,2,1,,1
231,1,94,2,2,2,6,6,5,5,6,6,6,1,7,6,6,5,2,5,6,8,3.415,1991,1,2,1,,1
232,1,85,2,3,2,5,3,2,5,5,5,5,1,7,6,5,7,2,7,7,3,0.000,1996,1,2,1,,1
234,1,49,2,2,7,7,6,7,6,7,3,6,6,5,6,2,4,5,5,5,9,3.749,1995,2,2,1,,1
235,1,75,3,4,2,6,6,6,5,5,6,6,3,6,6,6,6,5,6,6,8,2.507,1989,1,2,1,,1
236,1,83,2,2,2,4,4,5,4,5,7,7,5,7,6,6,7,5,6,5,8,2.503,1993,2,2,1,,1
237,1,81,1,1,1,7,5,7,4,5,3,7,2,2,3,3,7,1,5,3,10,2.951,1991,1,2,1,,2
238,1,81,1,2,2,6,5,6,5,6,6,6,1,7,7,7,6,3,6,7,1,3.741,1995,1,2,1,,1
239,1,85,2,4,5,4,4,4,3,3,4,3,7,7,7,7,7,3,6,5,4,3.487,1995,2,2,1,,1
240,1,70,2,2,2,5,6,5,5,7,6,7,3,6,5,6,6,3,3,6,5,3.658,1993,1,2,1,,1
241,1,90,2,1,3,6,6,4,5,7,7,7,1,7,6,3,6,3,6,7,9,3.070,1992,2,2,1,,2
242,1,75,2,3,2,6,5,6,4,6,7,6,1,6,6,5,6,2,6,5,5,2.010,1997,2,2,1,,1
243,1,75,1,1,1,7,7,7,6,6,6,7,4,7,7,7,6,3,6,6,5,2.750,1994,1,2,1,,1
244,1,65,4,3,1,7,6,6,7,6,5,7,5,7,7,5,7,1,5,5,9,3.752,1993,2,2,1,,1
245,1,80,2,3,3,6,5,6,3,5,7,6,1,6,6,6,6,3,3,4,7,3.673,1994,2,2,1,,1
246,1,71,1,1,1,3,3,6,5,7,7,5,7,7,7,6,7,1,7,7,10,3.797,1993,1,2,1,,1
247,1,85,2,2,7,7,7,6,6,4,7,7,1,7,7,7,7,1,7,7,12,2.755,1995,2,2,1,,1
248,1,81,1,2,1,6,6,6,5,6,6,7,1,7,7,7,6,1,7,7,5,4.000,1996,2,2,1,,2
249,1,88,3,1,1,7,7,5,5,7,7,7,1,7,7,5,6,1,7,5,10,3.949,1995,2,2,1,,1
250,1,70,3,3,2,6,5,5,5,5,6,6,1,7,7,7,4,3,7,7,6,3.701,1993,1,2,1,,1
251,1,90,1,1,2,7,7,6,1,5,7,5,1,7,7,7,7,1,1,1,7,2.732,1969,2,2,1,,2
252,1,80,1,1,1,7,7,6,5,5,7,7,1,7,7,6,6,2,7,7,6,3.885,1997,2,2,1,,2
253,1,93,2,2,1,6,2,6,5,7,7,7,1,7,7,7,7,1,7,7,10,3.268,1991,1,1,7,,1
254,1,80,1,1,1,7,7,7,7,7,7,7,1,7,7,7,7,3,7,3,4,2.304,1994,1,2,6,"White, and Asian",1
255,1,80,1,1,1,5,5,4,5,7,6,7,2,7,7,4,7,5,7,7,6,3.499,1993,1,2,1,,2
256,1,84,1,1,3,5,1,5,2,5,5,6,1,7,6,4,7,2,6,7,6,3.972,1994,1,2,1,,4
257,1,93,1,1,2,6,6,6,5,6,5,6,1,7,7,6,6,3,6,6,10,3.296,1992,1,2,1,,1
258,1,85,4,4,1,6,6,5,6,5,5,6,3,6,5,7,5,2,3,6,8,3.825,1994,1,2,1,,1
259,1,84,3,2,3,6,6,6,5,5,5,6,1,7,7,6,6,3,7,7,8,3.460,1993,2,2,1,,1
260,1,64,1,2,2,6,6,6,4,4,5,6,2,5,6,4,5,5,4,5,3,3.029,1998,1,2,1,,1
261,1,34,4,4,7,3,5,1,3,5,1,2,4,7,3,1,3,1,7,7,4,3.200,1995,2,2,1,,4
262,1,85,1,2,1,6,6,6,5,5,7,7,1,7,7,6,7,2,7,7,4,4.000,1995,2,2,1,,1
263,1,82,1,2,2,6,5,5,5,5,6,6,2,7,6,5,5,5,5,5,8,2.941,1993,2,2,3,,1
264,1,85,2,2,3,7,6,4,7,3,2,6,1,7,5,4,1,4,6,7,11,2.575,1993,1,2,7,,2
265,1,95,1,1,1,7,7,7,5,5,7,7,1,7,7,6,3,6,7,7,3,2.749,1995,2,2,1,,1
266,1,51,2,2,2,6,6,6,7,6,7,7,1,7,7,7,7,1,7,7,10,3.829,1995,2,2,1,,1
267,1,18,4,4,5,5,5,6,5,2,5,6,5,7,6,2,4,4,2,3,2,4.000,1997,2,2,1,,1
268,1,91,1,1,1,7,7,7,7,6,7,7,1,7,7,7,7,2,6,7,5,3.431,1996,2,2,1,,1
269,1,90,1,1,1,7,7,6,4,7,7,7,1,7,7,6,7,1,7,7,7,3.110,1994,1,2,1,,1
270,1,90,1,1,1,7,7,5,3,7,7,7,1,7,7,4,7,2,7,7,11,3.910,1994,2,2,1,,2
271,1,80,1,3,2,7,7,5,5,6,6,6,1,1,1,1,1,1,1,1,10,3.966,1994,1,2,1,,1
272,1,51,3,3,2,7,7,6,7,5,7,7,1,7,7,6,6,1,7,7,12,3.921,1994,2,2,1,,1
273,1,80,1,1,2,6,6,6,6,3,5,5,7,7,7,7,7,3,6,7,7,2.670,1995,2,2,1,,2
274,1,70,2,2,5,5,4,4,4,5,5,5,2,6,6,3,3,3,5,6,5,2.501,1996,2,2,1,,1
275,1,100,1,2,1,7,7,7,6,6,7,7,6,6,7,5,3,3,3,3,9,3.521,1994,2,2,1,,1
276,1,92,1,1,1,7,7,7,6,7,7,7,1,7,7,7,7,1,7,7,8,3.875,1994,1,2,1,,1
277,1,70,2,1,3,5,5,5,5,5,5,6,3,3,4,3,3,5,2,4,4,2.208,1997,2,2,1,,1
278,1,75,3,1,1,7,7,7,7,7,7,7,1,7,7,7,7,1,7,7,3,2.673,1995,1,1,7,,2
279,1,50,1,3,1,7,7,7,7,7,7,7,1,7,7,7,7,1,7,7,10,3.876,1995,2,2,1,,1
280,1,83,1,1,7,7,7,7,7,7,7,7,7,7,7,7,7,1,7,7,6,3.538,1997,2,2,1,,2
281,1,88,4,1,1,7,6,6,5,5,5,5,1,7,7,5,5,1,5,6,8,3.200,1994,2,2,1,,2
282,1,70,2,1,5,5,6,5,3,3,5,6,1,6,6,4,5,2,6,6,1,3.012,1998,1,2,1,,1
283,1,80,4,4,2,5,4,6,4,5,7,7,2,5,4,3,4,4,5,3,11,3.301,1995,2,2,4,,2
284,1,95,1,1,1,7,7,8,3,7,7,7,6,6,5,5,6,3,2,7,6,2.986,1992,1,2,1,,1
285,1,85,1,2,1,7,7,7,5,4,7,7,1,7,7,7,7,1,6,7,9,3.810,1992,2,2,1,,2
286,1,71,2,2,2,6,6,7,5,7,7,7,2,7,6,5,6,2,6,5,10,3.527,1994,2,2,1,,1
287,1,88,1,1,1,7,6,7,6,6,7,6,1,7,6,7,6,1,7,6,11,3.715,1992,2,2,1,,2
288,1,88,2,3,1,7,6,6,5,6,7,7,1,6,7,4,6,2,7,7,2,3.476,1997,2,2,1,,1
289,1,62,3,4,4,6,6,6,6,5,6,5,6,6,6,3,6,6,4,4,8,3.406,1993,1,2,1,,1
290,1,81,2,3,5,6,6,6,6,5,6,7,1,6,6,6,7,1,6,6,4,3.401,1997,2,1,1,,1
291,1,90,2,1,1,7,7,4,7,7,7,7,5,7,5,5,8,6,3,3,10,2.997,1993,2,2,1,,1
292,1,85,2,2,1,7,5,4,2,6,7,7,1,7,6,6,4,1,7,7,7,4.000,1997,2,2,1,,1
293,1,94,1,2,2,7,6,7,6,6,7,5,1,7,6,6,7,1,7,6,7,2.411,1993,2,1,1,,2
294,1,70,2,2,1,7,6,6,6,6,7,7,7,7,6,7,7,2,7,7,5,3.803,1995,2,2,1,,1
295,1,81,1,1,1,7,7,5,4,7,7,7,1,7,7,5,4,1,6,7,8,3.869,1998,2,2,1,,1
296,1,80,1,1,1,7,6,6,5,5,6,6,5,6,4,4,6,3,5,5,8,3.217,1994,1,2,1,,1
297,1,92,1,1,1,7,6,5,7,7,6,6,1,7,7,7,7,3,6,7,1,4.000,1995,1,2,1,,1
298,1,76,1,1,1,7,7,5,7,5,3,5,2,3,7,5,1,3,1,1,7,3.231,1992,1,2,1,,1
299,1,74,1,2,1,7,7,6,6,5,6,6,1,7,7,6,6,2,7,7,5,3.549,1994,1,2,1,,1
300,1,60,1,3,1,7,6,6,5,7,7,7,1,7,7,5,7,2,7,7,6,3.803,1996,2,2,1,,1
301,1,86,1,2,1,7,7,5,7,7,7,7,7,7,7,7,5,1,7,7,1,3.445,1998,2,2,1,,1
302,1,66,1,2,2,7,5,4,4,5,6,7,1,7,7,7,7,1,7,7,5,3.910,1997,2,2,1,,1
303,1,90,1,1,1,7,5,6,7,7,7,7,2,7,6,5,5,2,7,5,9,2.008,1989,1,2,1,,4
304,1,80,2,2,1,7,7,6,6,6,6,7,1,7,6,5,6,3,6,7,11,3.685,1994,2,1,1,,1
305,1,83,2,2,1,7,7,6,7,6,7,6,1,7,6,6,7,2,7,7,6,3.037,1994,2,2,1,,1
306,1,95,1,2,3,6,6,6,6,5,7,6,2,7,6,5,7,2,7,6,5,3.910,1998,2,2,1,,1
307,1,88,2,2,3,4,5,6,7,7,7,5,5,3,2,4,2,5,1,4,6,3.132,1991,2,2,6,Mexican,1
308,0,82,1,3,2,5,5,6,8,3,6,6,6,3,3,2,8,7,1,1,10,4.000,1992,2,2,1,,1
309,0,80,2,2,1,7,7,6,6,6,6,5,1,7,7,6,6,3,7,5,9,3.837,1992,2,2,1,,1
310,0,90,1,3,2,7,7,7,7,6,5,6,1,7,7,7,7,2,7,7,9,2.693,1994,2,2,1,,2
311,0,69,2,1,1,7,7,5,7,5,7,5,1,7,7,7,5,3,5,7,8,3.432,1994,2,2,1,,2
312,0,91,3,2,4,3,2,1,4,4,4,6,3,2,3,3,3,3,3,3,5,3.626,1994,1,2,1,,1
313,0,100,1,2,3,5,5,4,4,4,4,5,1,7,7,5,6,2,6,3,11,3.744,1993,1,2,1,,1
314,1,56,3,1,5,7,6,1,7,5,5,6,1,7,6,4,6,5,4,6,4,1.532,1995,2,2,1,,1
315,1,94,2,1,6,6,6,6,4,6,6,6,7,7,7,7,5,3,6,6,11,3.464,1992,1,2,1,,2
316,1,98,1,1,4,5,7,5,4,4,5,5,1,7,7,5,5,4,5,6,12,3.843,1993,1,2,1,,2
317,1,82,1,1,1,6,4,4,6,6,6,6,1,7,7,7,6,2,7,7,7,3.763,1995,2,2,1,,2
318,1,90,1,1,1,5,5,6,5,5,7,7,1,6,7,4,7,3,4,5,7,3.656,1993,1,2,1,,2
319,1,81,1,1,1,7,7,7,7,4,7,7,1,7,7,5,7,4,6,7,1,3.289,1988,2,2,1,,1
320,1,80,1,1,1,6,6,6,5,5,6,6,1,7,7,6,6,2,6,6,8,3.369,1994,1,2,1,,1
321,1,85,1,1,1,6,7,5,7,7,7,7,1,7,6,4,4,1,6,7,10,2.817,1994,2,2,2,,2
322,1,90,3,2,4,6,5,5,3,4,6,5,3,6,6,3,2,5,4,5,10,3.358,1993,2,2,1,,4
323,1,87,1,1,1,7,7,7,7,7,7,7,1,7,7,7,7,1,7,7,7,3.983,1996,1,2,1,,2
324,1,52,1,1,1,1,1,1,1,1,1,1,1,1,1,1,1,1,1,1,10,2.039,1993,2,2,2,,1
325,1,41,2,3,1,6,5,6,4,5,7,7,2,6,6,2,4,2,5,6,3,3.194,1997,2,2,1,,1
326,1,80,1,1,3,6,6,6,6,5,7,6,5,6,4,2,6,5,7,6,10,3.307,1992,2,2,1,,2
327,1,70,2,2,3,4,5,4,4,4,5,5,2,6,5,5,4,4,3,5,10,3.435,1990,1,2,1,,2
328,1,58,1,1,3,5,7,5,7,7,7,7,5,7,7,5,6,6,2,5,8,3.307,1994,2,2,1,,2
329,1,81,4,4,2,4,4,7,7,5,6,7,2,7,4,6,7,5,7,5,8,2.834,1989,1,2,1,,2
330,1,76,1,1,1,7,7,6,7,6,7,7,4,7,7,6,7,1,7,7,4,3.037,1994,1,2,1,,2
331,1,80,2,3,2,5,6,4,6,5,7,7,3,5,5,3,3,5,3,3,5,3.437,1993,2,1,1,,1
332,1,79,1,1,3,6,6,5,5,5,5,6,1,7,7,7,6,3,6,7,7,3.555,1997,2,1,1,,2
333,1,83,1,1,2,6,5,5,4,5,5,6,3,4,5,5,4,2,3,5,10,3.775,1993,2,2,1,,1
334,1,82,1,1,1,7,7,7,7,6,7,7,1,7,7,7,6,2,4,7,10,3.206,1993,1,2,1,,2
335,1,75,3,3,1,6,6,5,6,5,3,6,1,7,5,3,6,5,5,4,7,2.761,1996,2,2,5,,1
336,1,70,2,2,2,7,6,5,6,5,7,7,2,7,6,4,7,5,3,2,6,2.301,1996,2,2,1,,1
337,1,91,1,2,1,7,7,7,5,7,7,7,1,7,6,3,7,1,7,7,8,3.523,1997,2,1,7,,1
338,1,85,1,1,1,7,7,4,3,7,7,7,1,7,4,6,7,5,6,5,11,3.155,1993,1,2,1,,1
339,1,85,1,1,5,7,4,6,3,6,6,5,7,7,7,1,4,6,4,3,9,3.447,1992,2,2,2,,1
340,1,70,1,1,1,7,6,6,4,5,6,6,1,7,7,7,5,1,7,7,11,3.566,1994,1,2,1,,1
341,1,90,1,1,1,7,7,7,4,6,6,7,1,7,7,5,6,2,7,5,7,3.765,1993,1,1,1,,2
342,1,80,2,3,1,7,7,7,5,5,7,7,2,7,7,5,6,2,6,7,11,2.980,1993,2,2,1,,1
343,1,81,2,1,2,6,4,5,4,4,7,7,1,7,7,6,6,1,7,7,9,3.273,1995,2,2,7,,1
344,1,94,1,1,1,7,7,7,5,6,7,7,4,7,7,5,5,2,6,7,11,3.499,1994,2,2,1,,1
345,1,85,1,3,1,5,7,4,7,5,5,7,1,7,7,5,5,1,7,7,12,3.995,1991,2,2,1,,1
346,1,84,2,2,2,7,6,7,5,5,7,7,5,7,7,7,4,5,4,4,7,3.429,1992,1,2,1,,1
347,1,71,1,1,2,5,7,6,5,6,7,7,3,5,7,4,5,4,3,4,8,2.789,1992,1,2,1,,1
348,1,80,1,1,1,7,7,5,6,4,4,4,1,7,7,2,7,4,6,7,9,3.019,1995,2,2,1,,2
349,1,76,3,4,4,5,5,5,3,5,5,5,1,7,7,7,6,5,5,6,10,3.442,1993,1,2,1,,1
350,1,70,2,4,3,6,6,4,5,5,6,5,2,6,5,5,5,5,5,5,9,2.682,1995,2,2,1,,1
351,1,70,2,3,2,5,4,5,3,6,6,7,1,7,7,5,6,2,6,5,11,2.896,1995,2,2,1,,1
352,1,96,1,1,3,6,7,6,5,7,7,7,1,7,7,7,7,1,7,7,11,3.752,1994,2,2,1,,2
353,1,73,1,1,3,6,7,5,4,6,5,5,5,5,6,2,2,6,2,4,11,3.707,1992,1,2,2,,1
354,1,80,4,2,1,7,7,5,7,5,7,7,4,6,4,3,6,5,1,1,2,1.708,1992,2,2,7,,1
355,1,89,1,1,3,6,7,5,2,5,5,7,3,7,5,4,3,2,5,5,10,3.042,1989,1,2,1,,2
356,1,60,3,1,7,7,7,7,6,7,7,7,2,7,6,6,6,1,7,7,10,3.701,1994,2,2,1,,1
357,1,81,2,2,5,6,5,5,5,5,4,6,1,7,7,6,6,3,7,7,4,2.400,1993,1,2,1,,2
358,1,81,3,2,1,7,7,7,4,7,7,7,5,7,7,6,2,4,6,5,8,3.144,1995,2,2,1,,2
359,1,66,4,4,2,5,7,5,6,5,7,7,1,7,7,7,7,1,7,7,3,2.426,1997,2,2,1,,1
360,1,71,1,1,1,5,5,5,6,3,6,6,2,6,7,5,3,6,5,3,9,3.442,1996,2,2,1,,2
361,1,85,1,1,1,7,7,5,5,5,7,7,1,7,6,6,7,5,2,4,10,3.121,1993,1,2,1,,1
362,1,86,2,1,1,7,7,7,7,7,7,7,1,7,7,7,7,1,7,7,6,4.000,1995,2,2,1,,1
363,1,70,1,1,1,7,6,6,4,7,7,7,1,7,7,6,5,1,7,7,9,3.380,1993,2,2,1,,1
364,1,71,2,2,2,5,5,5,4,5,6,6,1,6,5,5,7,3,6,6,10,3.887,1994,2,2,1,,1
365,1,75,2,2,1,7,7,7,6,6,6,6,1,7,7,6,6,2,6,6,11,3.442,1992,2,2,1,,1
366,1,70,4,3,4,4,4,4,4,4,4,4,4,6,6,4,5,3,4,6,4,2.501,1987,1,2,1,,1
367,1,82,3,2,7,6,6,5,6,5,6,6,6,6,5,5,6,1,6,3,5,3.944,1995,2,2,1,,1
368,1,98,2,1,1,7,7,7,7,7,7,7,1,7,7,7,7,2,7,7,6,3.668,1995,1,2,1,,2
369,1,76,3,2,3,4,4,6,5,6,6,5,1,7,2,5,5,1,6,6,8,3.504,1993,1,2,1,,1
370,1,75,1,2,5,4,4,4,4,5,4,4,1,7,6,6,6,3,5,5,4,3.881,1996,2,2,1,,1
371,1,91,1,1,1,7,5,4,4,7,7,7,1,7,7,5,5,1,7,6,11,3.677,1995,2,2,1,,2
372,1,60,1,3,3,6,5,6,6,6,6,5,2,6,5,3,5,1,5,6,5,2.271,1995,2,2,1,,1
373,1,96,3,3,3,6,6,6,6,5,6,6,5,5,6,6,7,5,5,4,8,3.234,1995,2,2,1,,1
374,1,72,1,1,2,6,5,6,5,6,7,7,1,7,5,5,5,2,6,7,7,3.696,1995,2,2,1,,1
375,1,81,2,2,2,6,7,7,6,6,7,7,1,6,6,6,6,5,6,7,10,2.747,1992,2,1,6,Latina,1
376,1,90,1,1,1,4,4,5,4,6,5,7,1,7,7,3,6,7,6,4,8,3.420,1992,1,1,1,,4
377,1,70,1,1,1,7,5,4,4,4,6,7,1,7,7,7,7,3,7,7,8,3.797,1994,2,2,1,,2
378,1,91,1,2,7,7,7,7,6,7,7,7,1,7,7,7,7,1,7,7,6,3.290,1997,2,2,1,,1
379,1,75,2,1,2,5,5,5,5,6,5,6,1,7,6,5,4,3,5,6,9,3.870,1993,1,2,1,,2
380,1,21,4,2,7,7,7,7,7,7,7,7,1,7,7,3,5,5,7,4,11,3.742,1994,2,2,1,,2
381,1,90,2,1,7,7,7,6,7,7,7,7,1,1,7,4,5,1,7,7,4,2.862,1993,1,2,6,ITALIAN,2
382,1,96,1,1,2,6,4,4,6,5,6,7,1,7,6,5,6,2,5,7,10,3.538,1990,1,2,1,,2
383,1,80,1,2,1,5,4,4,2,5,4,6,1,7,6,6,3,3,5,6,10,3.003,1987,1,2,1,,2
384,1,75,1,1,1,7,7,7,5,5,5,6,1,7,7,3,3,3,7,7,12,3.775,1992,2,2,1,,2
385,1,75,2,2,1,7,7,5,7,7,7,7,1,7,7,6,7,1,7,7,8,2.901,1994,2,1,6,Latin/Hispanic,1
386,1,71,1,1,3,6,6,6,4,5,5,5,5,3,3,4,3,5,3,4,4,3.820,1974,2,2,1,,2
387,1,97,1,1,1,7,7,7,7,7,7,7,1,7,7,7,7,1,7,7,7,3.812,1994,2,2,1,,1
388,1,65,1,1,7,7,6,6,4,6,7,7,1,7,3,2,4,2,6,5,11,3.592,1995,2,2,1,,2
389,1,60,3,2,2,7,7,7,6,6,6,6,1,7,7,6,6,1,7,5,5,3.218,1994,2,2,4,,1
390,1,90,2,2,1,7,5,5,3,7,5,5,1,7,7,7,7,2,7,7,6,3.301,1997,2,2,1,,1
391,1,100,1,3,1,7,7,7,7,7,7,7,1,7,7,7,7,1,7,7,9,3.296,1995,2,1,1,,1
392,1,85,1,1,2,5,4,4,5,3,6,5,1,7,7,5,7,1,6,7,8,3.397,1993,1,2,1,,2
393,1,63,3,2,5,5,7,6,3,7,5,5,1,7,4,7,7,1,7,5,8,2.671,1993,2,2,1,,2
394,1,82,3,3,4,4,4,4,4,5,5,6,5,5,5,3,4,2,5,5,11,1.707,1993,2,1,6,Human,1
395,1,70,1,1,5,7,7,6,7,4,5,6,6,7,7,7,7,3,5,6,10,3.724,1996,2,2,1,,2
396,1,57,1,1,1,7,6,6,7,7,6,7,1,7,7,4,7,1,7,7,6,3.786,1996,2,1,,,1
397,1,71,2,2,1,7,6,6,6,5,6,5,1,5,6,5,7,2,7,7,10,3.885,1995,2,2,1,,1
398,1,90,1,2,1,7,4,4,2,5,7,7,3,7,6,3,1,2,6,6,5,2.889,1994,1,2,1,,1
399,1,67,2,3,3,4,3,2,2,5,5,4,1,7,7,3,7,1,4,6,12,3.051,1994,2,2,1,,2
400,1,80,1,1,1,7,7,5,7,7,7,7,1,7,7,5,7,1,7,7,6,3.343,1991,1,1,7,,1
401,1,89,3,2,1,5,5,7,7,6,5,5,1,7,7,7,7,3,5,4,9,3.561,1995,2,1,7,,1
402,1,86,2,2,3,4,5,3,1,3,2,3,1,7,7,5,5,6,4,3,6,1.929,1994,1,2,1,,1
403,1,50,2,1,1,7,6,7,6,2,7,7,1,6,7,6,4,2,7,5,4,3.689,1993,1,2,1,,1
404,1,39,1,2,5,3,3,3,1,1,5,5,1,7,7,5,7,3,7,3,4,1.403,1997,2,1,7,,1
405,1,90,3,3,1,7,7,7,5,7,7,7,1,7,7,7,5,1,7,7,11,3.776,1994,2,2,1,,2
406,1,85,1,1,3,6,6,6,4,3,6,6,1,7,7,6,6,2,7,7,11,3.471,1995,2,2,1,,2
407,1,60,1,1,2,5,5,5,3,6,6,6,1,7,7,6,7,3,7,7,12,3.639,1996,2,1,6,Puerto Rican,1
408,1,75,2,2,6,7,7,7,7,5,6,7,3,6,5,6,5,5,5,3,7,3.955,1995,2,2,1,,1
409,1,70,2,2,3,6,6,5,3,4,5,6,1,6,7,4,5,3,3,7,4,3.268,1997,2,2,1,,1
410,1,75,1,1,1,7,7,7,7,7,7,7,1,7,5,5,7,1,7,7,11,3.758,1993,2,1,1,,2
411,1,85,1,1,2,5,5,5,4,6,5,6,2,7,6,6,6,5,7,7,5,3.966,1994,1,2,1,,2
412,1,65,1,2,1,7,7,6,5,7,7,7,1,7,6,7,5,1,5,6,10,3.351,1993,2,2,1,,1
413,1,73,2,4,1,7,7,7,7,3,7,7,2,7,7,7,6,6,7,6,8,3.290,1993,1,2,1,,1
414,1,85,1,1,3,5,5,7,4,7,7,7,1,7,7,6,7,1,7,7,8,3.845,1993,1,2,1,,1
415,1,71,1,1,2,6,6,5,5,7,7,7,2,7,7,6,6,1,5,7,5,3.977,1997,2,2,7,,2
416,1,86,2,1,1,7,5,3,3,7,5,7,1,1,5,3,5,1,3,7,7,3.213,1995,2,2,1,,4
417,1,90,2,2,1,7,7,6,7,6,6,6,4,7,6,7,6,3,7,6,12,2.665,1988,1,2,1,,1
418,1,76,2,2,1,7,7,6,6,6,6,6,1,7,6,6,5,3,7,6,12,3.712,1994,1,2,1,,2
419,1,90,1,1,2,6,6,6,6,6,6,6,1,7,7,6,7,1,6,5,6,3.797,1994,1,2,1,,4
420,1,88,1,1,2,5,6,4,6,6,6,6,2,6,6,6,6,4,5,4,1,0.073,1996,1,2,2,,1
421,1,50,1,1,3,5,5,5,5,5,5,5,3,5,5,5,5,4,5,5,5,2.552,1993,2,1,6,Mexican,1
422,1,80,1,2,4,4,4,4,4,3,4,4,2,6,6,6,6,5,5,6,3,3.504,1995,1,2,1,,4
423,1,51,2,2,4,3,4,3,3,4,4,4,7,5,6,4,5,3,5,6,7,2.039,1994,2,2,1,,4
424,1,92,2,1,5,5,4,5,4,4,5,5,1,6,6,5,5,5,3,6,7,3.797,1994,1,2,1,,1
425,1,97,1,1,7,7,7,6,6,7,7,7,7,7,7,5,7,1,6,6,8,3.471,1993,1,2,1,,4
426,1,94,1,1,1,5,5,5,7,7,7,7,1,7,7,5,5,5,5,7,7,3.391,1993,1,2,1,,1
427,1,75,1,3,4,7,7,7,7,7,7,7,5,7,7,5,7,2,7,7,3,3.510,1998,2,2,1,,1
428,1,82,2,2,1,7,6,6,7,6,5,7,1,7,7,6,7,3,7,7,8,3.807,1993,1,2,1,,1
429,1,70,1,1,3,5,7,7,4,6,5,7,1,7,7,6,5,6,5,5,12,3.831,1995,2,1,1,,2
430,1,67,3,4,3,4,4,4,5,2,4,4,1,4,5,6,4,2,4,4,10,3.324,1995,2,2,1,,1
431,1,60,3,1,1,7,7,5,7,7,7,7,1,7,7,6,7,1,7,7,2,3.504,1997,2,1,1,,1
432,1,68,2,2,1,2,1,4,5,5,5,5,1,7,3,1,5,4,5,5,3,3.110,1997,2,2,1,,1
433,1,80,4,4,4,5,5,4,5,5,6,5,3,5,6,6,5,3,3,5,10,3.532,1996,2,2,1,,1
434,1,79,3,3,1,7,7,7,7,7,7,7,7,5,3,1,1,7,1,1,10,3.890,1995,2,2,1,,4
435,1,92,1,1,3,1,1,4,4,6,6,6,1,2,2,2,6,2,6,7,12,2.997,1992,1,2,1,,1
436,1,90,1,2,3,5,6,5,4,5,6,6,1,7,7,5,5,3,6,7,11,3.909,1995,2,2,1,,1
437,1,75,2,3,2,6,6,6,5,3,6,5,1,7,7,7,7,1,7,7,6,3.494,1997,2,2,1,,1
438,1,91,2,1,5,5,5,4,4,4,4,7,1,5,5,7,7,1,7,6,8,3.251,1991,1,1,6,Latin,1
439,1,95,1,1,5,7,7,5,5,5,5,6,1,7,7,7,7,5,3,7,11,3.162,1993,2,2,1,,2
440,1,75,1,2,1,1,6,5,7,6,7,7,1,7,7,7,7,1,7,7,8,3.827,1993,2,2,1,,2
441,1,69,3,4,3,3,3,3,3,3,3,3,7,5,1,1,1,7,1,1,6,3.745,1994,1,2,1,,1
442,1,39,1,1,1,7,4,5,5,7,7,7,4,7,4,5,6,3,5,7,9,3.577,1989,2,2,4,,1
443,1,55,1,1,2,5,4,4,5,5,6,6,2,6,5,4,7,1,5,4,8,3.707,1992,2,2,4,,1
444,1,83,1,3,1,7,7,6,4,7,7,7,6,5,5,3,2,7,1,1,10,3.303,1993,1,2,1,,1
445,1,81,1,1,1,7,7,7,6,5,7,6,1,7,7,7,7,2,5,6,7,2.704,1995,2,2,1,,1
446,1,70,2,3,4,5,4,5,4,4,6,6,1,7,7,5,6,5,4,2,8,3.589,1994,2,2,1,,1
447,1,81,2,2,1,7,6,6,6,5,5,6,6,7,6,4,5,2,5,3,9,3.566,1994,2,2,1,,1
448,1,39,2,2,2,7,6,6,7,3,6,4,7,7,4,6,7,5,6,6,8,3.893,1996,2,2,1,,1
449,1,30,2,3,4,4,5,5,5,6,5,6,5,4,5,5,3,6,1,2,8,3.493,1994,2,2,1,,1
450,1,71,2,2,1,7,7,7,4,7,5,6,2,7,7,4,4,2,5,4,6,3.037,1993,2,2,1,,1
451,1,69,1,2,1,1,3,4,2,6,6,6,1,7,5,6,5,3,6,7,11,3.594,1996,2,2,1,,2
452,1,75,1,1,3,7,6,7,7,7,7,7,1,7,7,5,7,5,7,7,7,2.348,1991,1,2,1,,1
454,1,79,1,1,1,7,7,4,6,7,7,5,2,7,7,4,7,2,7,5,6,3.408,1993,1,2,1,,2
455,1,80,1,2,4,5,5,5,5,5,5,5,1,6,7,6,6,5,5,5,9,3.037,1988,1,2,7,,2
456,1,86,1,2,1,6,7,5,6,5,6,6,1,7,7,6,7,4,7,6,10,3.651,1991,1,2,1,,2
457,1,96,1,1,4,4,4,5,2,5,7,7,4,6,5,5,6,4,5,3,6,3.498,1993,1,2,1,,1
458,1,70,2,2,3,6,6,4,5,5,6,5,1,7,7,7,6,4,5,7,9,3.301,1992,2,2,1,,2
459,1,93,2,2,1,7,7,6,7,7,5,7,1,7,7,5,4,2,7,7,11,3.392,1991,1,2,1,,1
460,1,90,1,2,1,7,7,7,5,7,7,7,1,7,4,5,7,5,7,7,11,3.363,1990,1,2,1,,2
461,1,49,1,3,2,7,7,5,7,7,5,5,1,7,5,5,7,1,7,7,2,2.682,1996,2,2,1,,1
462,1,80,1,1,1,6,6,6,6,4,6,6,1,7,7,7,7,3,7,6,2,4.000,1995,1,2,1,,1
463,1,71,1,2,7,7,7,7,7,7,7,7,7,7,7,7,7,1,7,7,6,3.003,1993,2,2,1,,1
464,1,50,1,3,1,7,7,7,7,7,7,7,5,7,7,7,7,4,7,1,8,3.459,1995,2,2,1,,1
465,1,39,1,2,1,7,7,7,7,7,7,7,7,7,7,7,7,7,7,7,9,3.245,1996,2,1,1,,1
466,1,65,3,4,1,6,5,5,6,5,7,7,1,7,6,6,6,3,7,7,7,3.854,1998,2,2,1,,1
467,1,75,1,2,1,6,6,6,6,6,6,6,1,6,5,5,6,3,5,6,10,2.789,1991,2,2,1,,1
468,1,90,2,2,3,5,5,5,5,5,5,6,3,6,5,5,6,5,5,5,10,3.600,1993,2,2,1,,1
469,1,71,2,1,1,7,5,4,3,7,7,7,1,7,7,5,6,1,6,7,7,3.949,1994,2,2,1,,2
470,1,70,3,2,4,5,5,5,6,6,4,7,1,7,7,7,7,1,7,7,3,2.245,1998,2,2,1,,1
471,1,65,2,1,3,7,7,5,7,7,7,7,1,7,7,3,7,3,7,7,11,3.031,1995,2,1,7,,2
472,1,78,2,2,5,4,4,4,4,3,4,5,7,7,7,6,6,7,5,7,10,3.587,1993,1,2,1,,1
473,1,81,1,2,1,7,7,6,6,5,6,6,1,7,6,6,6,2,7,6,10,3.606,1992,1,2,1,,1
474,1,75,2,1,6,7,7,3,4,6,5,7,1,7,7,3,6,3,7,3,6,2.632,1995,2,2,1,,1
475,1,86,1,2,1,7,6,6,7,7,7,7,1,7,6,5,7,1,6,6,5,4.000,1995,1,2,1,,3
476,1,82,1,3,2,6,4,4,5,6,6,7,1,7,4,5,5,3,6,6,5,2.052,1996,2,2,1,,4
477,1,70,4,3,1,7,7,7,7,7,7,7,3,7,7,5,7,1,7,7,8,3.417,1994,2,2,1,,2
478,1,96,1,2,6,4,4,5,4,5,5,6,5,7,7,5,6,5,3,1,12,3.419,1989,1,2,7,,1
479,1,100,1,1,1,5,5,5,5,5,7,7,1,7,7,7,7,5,7,7,10,3.265,1993,1,2,1,,2
480,1,90,1,1,2,5,5,6,4,6,6,7,1,6,5,4,6,4,6,7,11,3.104,1993,1,2,1,,1
481,0,75,1,1,1,7,7,7,7,7,7,7,7,7,7,7,7,3,7,7,5,3.523,1997,2,2,1,,1
482,1,85,1,1,1,7,7,7,7,5,7,7,1,7,7,7,7,1,7,7,10,2.940,1993,2,2,1,,1
483,1,71,4,3,4,5,5,5,5,3,6,6,3,5,5,5,5,6,2,1,5,3.070,1995,2,2,1,,2
484,1,80,1,3,1,7,7,7,7,7,7,7,2,7,7,7,1,7,7,1,10,3.532,1992,2,1,7,,1
485,1,88,1,2,4,6,6,6,6,6,6,7,1,7,7,7,7,1,7,7,6,3.768,1994,1,2,1,,1
486,1,75,1,2,3,6,6,7,6,2,3,6,4,7,6,7,7,7,7,5,6,2.704,1992,1,2,1,,1
487,1,81,1,1,5,6,3,7,1,7,3,7,2,7,7,7,3,5,3,5,10,4.000,1992,1,2,3,,2
488,1,60,1,1,1,5,5,5,2,2,2,5,1,5,5,3,2,2,5,5,2,2.265,1997,1,2,1,,1
489,1,100,2,1,2,3,2,3,2,3,3,6,1,1,1,3,4,1,6,5,2,2.590,1994,1,2,1,,1
490,1,73,4,4,5,4,4,3,3,5,6,5,3,6,6,3,5,3,5,5,9,2.852,1992,1,2,7,,1
491,1,80,1,2,2,7,7,7,6,7,7,7,6,4,5,2,6,2,5,1,9,2.732,1995,2,2,2,,1
492,1,92,1,2,2,6,6,4,5,5,6,6,2,2,3,2,2,3,6,5,2,3.200,1998,2,1,2,,1
493,1,61,1,2,3,5,4,4,4,4,4,4,3,3,4,6,6,5,6,6,3,3.803,1998,2,2,1,,1
494,1,85,1,1,1,7,7,7,7,7,7,7,1,7,7,6,7,1,7,7,8,3.655,1994,1,1,1,,2
495,1,71,1,1,2,6,6,5,7,5,6,6,4,7,6,5,5,2,3,6,9,3.324,1992,1,2,1,,2
496,1,60,2,1,5,7,7,6,6,3,5,6,1,7,7,4,7,3,6,6,9,2.321,1989,1,2,1,,2
497,1,85,2,1,2,4,4,5,4,3,3,1,1,6,6,6,2,5,5,6,4,3.966,1995,1,2,1,,2
498,1,90,2,1,5,4,4,4,5,6,6,6,2,6,4,4,5,3,4,6,9,3.189,1996,2,2,1,,2
499,1,90,1,1,1,7,6,6,6,7,7,7,1,7,5,5,6,1,7,6,7,3.871,1994,1,2,1,,2
500,1,91,3,1,1,7,5,6,6,6,6,7,2,6,7,2,3,5,2,3,4,2.011,1997,2,2,1,,2
501,1,83,3,1,2,6,6,6,6,6,6,6,1,7,7,6,6,2,6,6,8,3.367,1996,2,2,1,,1
502,1,63,2,2,1,4,4,3,1,7,7,7,1,7,7,6,5,1,5,7,11,3.251,1991,2,2,1,,2
503,1,89,3,2,2,5,4,5,6,5,5,6,1,6,5,5,6,3,6,6,9,2.670,1996,2,2,1,,1
504,1,70,2,2,1,7,7,7,7,5,7,6,7,7,7,7,7,1,7,,8,2.900,1991,1,2,1,,2
505,1,79,2,2,1,7,6,3,6,2,4,4,1,7,5,2,4,3,7,7,9,3.544,1994,2,2,1,,2
506,1,87,2,1,2,7,7,6,6,6,6,7,1,7,5,5,4,2,6,7,2,3.414,1998,2,2,1,,1
507,1,65,1,1,3,6,5,5,3,2,5,3,2,3,3,3,4,4,7,5,10,3.600,1994,2,2,1,,2
508,1,82,1,3,6,5,4,5,4,5,7,7,1,7,5,5,6,2,7,7,8,3.780,1995,2,2,1,,1
509,1,50,3,1,5,4,4,2,3,3,2,4,3,7,5,3,4,5,6,4,6,3.560,1994,1,2,1,,2
510,1,70,1,1,1,7,7,7,5,7,7,7,1,5,6,6,7,2,7,6,6,3.926,1995,2,1,1,,2
511,1,90,2,1,3,5,5,5,3,2,5,5,4,6,3,3,3,5,4,4,8,3.561,1994,2,2,1,,2
512,1,96,1,2,1,7,7,5,6,7,7,7,1,7,7,7,5,1,7,7,4,3.735,1995,2,2,1,,1
513,1,82,1,1,1,7,7,6,5,5,7,7,1,7,7,7,7,1,7,7,11,3.656,1995,2,2,1,,2
514,1,91,1,1,1,7,7,7,7,7,7,7,1,7,7,7,7,1,7,7,4,3.054,1997,2,2,1,,1
515,1,78,2,3,2,6,5,4,5,6,6,6,1,7,5,5,7,2,6,5,10,3.751,1996,2,2,1,,1
516,1,80,1,2,3,6,6,6,6,4,3,5,1,7,7,6,4,6,5,7,12,3.763,1992,1,2,1,,2
517,1,71,2,1,6,7,5,5,5,5,7,7,1,7,5,5,5,1,6,5,5,3.538,1995,2,2,1,,1
518,1,69,3,3,3,6,6,6,6,6,7,7,6,7,7,3,7,3,5,6,9,1.884,1993,2,1,7,,1
519,1,83,1,1,6,6,6,6,6,6,6,6,1,7,7,7,7,1,7,7,8,3.082,1995,2,2,2,,1
520,1,78,1,1,1,7,7,7,7,7,7,7,6,7,7,6,7,1,7,7,3,3.406,1995,1,2,1,,1
521,1,85,1,1,3,5,5,5,5,6,5,5,2,2,5,5,6,3,4,4,8,3.645,1994,1,2,1,,2
522,1,61,1,1,1,1,7,7,7,7,7,7,1,7,7,7,7,1,7,7,1,2.546,1992,2,2,1,,1
523,1,85,1,1,1,7,7,7,5,7,7,7,1,7,7,6,6,1,7,6,10,3.755,1995,2,2,1,,4
524,1,90,1,1,5,5,4,4,4,5,6,5,7,7,7,7,7,4,5,6,9,3.561,1996,2,2,1,,1
525,1,81,3,2,1,7,6,6,7,6,6,6,1,7,7,6,6,6,6,6,3,3.690,1998,2,2,1,,1
526,1,100,1,2,2,6,6,6,6,6,6,6,1,7,6,6,6,3,5,6,5,3.651,1995,1,2,1,,1
527,1,81,1,1,1,7,7,7,7,7,7,7,1,7,7,7,7,1,7,7,5,3.268,1995,2,2,1,,2
528,1,84,2,1,1,7,6,5,7,7,7,7,1,7,7,5,7,1,7,7,10,3.742,1996,2,2,1,,2
529,1,35,3,2,2,6,6,5,6,6,7,7,1,6,5,6,6,2,6,6,3,4.000,1995,1,2,1,,1
530,1,60,1,2,4,3,5,4,3,5,3,4,1,6,6,6,5,2,6,6,6,3.313,1994,2,2,1,,1
531,1,75,2,1,1,7,5,5,6,7,7,7,1,7,6,6,7,2,7,7,1,3.803,1996,1,2,1,,4
532,1,39,1,1,1,7,4,5,4,5,7,7,1,7,3,5,5,5,5,6,12,3.696,1973,2,2,1,,2
533,1,85,1,1,1,7,7,4,1,4,7,7,1,7,7,4,4,1,7,7,11,3.857,1985,1,2,1,,2
534,1,91,1,1,1,7,7,6,6,5,7,7,1,7,7,7,6,1,7,6,10,3.848,1993,2,2,1,,4
535,1,70,2,2,6,6,6,5,6,6,5,6,1,7,5,2,3,1,3,5,2,2.282,1995,1,2,1,,1
536,1,85,2,2,2,6,6,7,6,5,6,7,1,7,7,7,7,1,7,7,6,2.186,1994,2,2,1,,1
537,1,83,1,1,1,6,6,6,4,7,7,7,1,7,7,7,7,1,6,5,6,3.685,1994,1,,1,,1
538,1,80,1,1,5,5,4,5,4,5,4,5,3,5,5,3,5,5,4,5,3,3.544,1998,1,2,6,Caucasian,1
539,1,45,2,3,2,7,5,4,7,7,7,7,3,6,5,2,6,5,2,4,1,3.752,1996,1,2,1,,1
540,1,80,2,1,1,5,6,4,6,4,5,2,2,6,6,6,7,2,6,6,11,3.775,1990,1,2,1,,2
541,1,82,1,1,2,6,6,6,6,6,6,6,2,6,6,3,4,4,5,6,11,2.777,1993,2,1,1,,1
542,1,90,1,1,7,7,7,7,7,7,7,7,1,7,7,7,7,3,7,7,6,3.549,1997,2,2,2,,1
543,1,56,2,2,1,7,7,4,4,4,7,7,1,7,7,7,7,1,7,7,8,3.200,1996,2,2,1,,1
544,1,75,3,3,4,5,6,7,5,5,4,6,1,3,3,3,2,3,7,6,11,2.552,1994,2,1,7,,1
545,1,90,1,1,1,7,7,7,4,7,7,7,3,7,7,7,7,1,6,7,8,3.476,1994,2,2,1,,2
546,1,93,2,2,2,6,5,4,3,5,5,7,1,7,4,5,6,2,6,6,5,3.482,1993,1,2,1,,1
547,1,31,4,4,5,5,5,6,3,6,4,4,5,5,6,3,5,3,2,3,11,3.303,1992,2,1,1,,4
548,1,60,3,3,1,7,7,7,5,3,7,7,1,6,5,7,7,1,7,7,2,4.000,1992,1,2,1,,3
549,1,80,1,1,1,7,7,7,7,5,5,7,1,7,7,7,7,1,7,7,12,3.899,1993,2,2,1,,2
550,1,96,1,2,1,7,7,7,7,4,7,7,1,7,7,7,7,1,7,7,8,3.482,1994,2,2,1,,1
551,1,50,1,1,1,6,5,6,6,6,7,6,1,7,7,6,5,2,6,6,7,3.707,1995,2,2,1,,1
552,1,82,1,1,1,7,7,7,7,5,5,6,1,7,7,7,7,1,7,3,6,3.149,1989,2,1,6,,1
553,1,85,1,1,1,7,6,7,7,7,7,7,7,7,4,2,3,7,1,1,12,2.800,1989,1,2,1,,2
554,1,65,2,2,1,7,7,6,3,6,7,7,1,7,1,3,7,1,7,7,8,3.093,1993,2,2,1,,1
555,1,75,3,3,5,4,4,4,6,6,4,5,4,3,2,4,3,5,5,4,8,2.929,1996,2,2,1,,1
556,1,80,2,4,1,7,7,6,7,6,6,7,1,7,7,6,7,1,7,7,5,3.645,1997,2,2,1,,1
557,1,71,1,1,3,6,6,6,3,3,5,6,1,7,6,6,6,2,6,6,10,3.177,1991,1,2,1,,2
558,1,82,3,3,3,7,5,3,5,5,5,7,5,5,5,3,5,3,6,5,10,3.084,1995,2,2,1,,1
559,1,88,1,1,1,5,5,3,5,6,5,7,1,5,5,3,6,3,6,5,4,3.038,1994,1,2,1,,1
560,1,95,1,1,4,4,4,4,4,4,4,4,2,6,6,6,5,5,5,5,9,3.003,1992,2,2,1,,4
561,1,74,1,2,2,5,3,2,2,3,5,7,1,7,7,7,7,6,7,7,12,2.980,1991,2,2,7,,1
562,0,78,1,1,7,7,7,7,7,3,7,7,7,7,7,5,7,5,5,7,12,3.915,1962,2,2,1,,2
563,1,56,3,3,3,7,6,6,5,5,7,5,1,7,5,7,7,3,7,7,1,3.200,1996,2,2,1,,1
564,1,73,1,1,6,6,6,6,4,6,6,6,2,5,6,5,3,4,6,6,9,2.423,1988,1,2,1,,1
565,1,70,3,3,2,7,7,6,7,7,7,7,1,7,6,6,7,4,7,6,3,3.617,1996,2,2,1,,1
566,1,80,2,3,3,6,7,6,6,3,7,7,3,7,5,6,5,5,7,7,10,3.815,1995,2,2,1,,1
567,1,78,1,3,3,5,7,5,5,6,5,6,1,6,7,6,4,3,6,6,5,3.645,1997,2,1,7,,1
568,1,97,1,1,1,7,5,5,7,7,7,7,1,7,7,3,5,1,3,5,9,3.497,1993,2,2,1,,1
569,1,54,1,1,1,7,7,7,7,7,3,7,1,7,7,7,7,1,5,7,7,3.414,1990,2,1,1,,2
570,1,85,1,1,6,7,6,6,6,5,4,7,2,6,6,7,7,3,7,6,6,3.031,1991,2,2,1,,2
571,1,75,1,1,3,5,5,6,5,5,4,7,2,5,7,5,5,5,5,5,9,3.606,1989,1,2,1,,2
572,1,80,3,3,1,7,7,6,5,5,7,7,6,5,2,2,5,7,2,5,12,3.232,1993,2,1,1,,1
573,0,94,2,2,7,5,6,6,6,2,2,3,4,6,6,1,5,5,5,6,8,2.710,1994,1,2,1,,1
574,0,69,1,1,1,7,7,7,7,7,6,7,1,7,5,3,7,1,6,7,10,3.969,1993,1,2,1,,2
575,0,50,4,1,1,7,6,7,7,4,7,7,7,2,4,4,1,4,4,2,9,2.697,1995,2,1,7,,1
576,0,83,2,1,2,6,6,5,6,6,6,6,2,7,6,5,6,2,5,4,5,3.549,1997,2,2,1,,1
577,0,88,1,1,1,6,5,4,4,7,7,7,1,7,7,4,4,1,1,7,11,3.394,1990,1,2,1,,2
578,0,96,1,3,5,6,6,4,5,6,7,7,3,6,5,4,7,5,1,5,8,3.859,1995,2,2,1,,1
579,1,72,2,1,3,4,4,2,5,5,6,7,1,7,5,3,5,2,1,3,7,4.000,1994,1,2,1,,5
580,1,75,2,2,2,7,7,7,7,6,7,7,5,7,7,5,7,3,7,5,6,1.601,1994,2,2,1,,1
581,1,81,3,3,5,6,6,4,4,5,5,5,1,7,6,5,4,6,7,7,8,4.000,1997,2,2,1,,1
582,1,71,1,2,1,7,7,5,6,6,7,7,2,7,6,7,6,3,4,6,8,3.425,1995,2,2,1,,1
583,1,72,1,1,5,6,6,6,7,7,7,7,5,7,7,7,3,5,6,5,7,3.651,1995,1,2,1,,2
584,1,97,1,2,3,6,6,6,6,6,6,6,2,6,6,6,5,3,6,6,8,3.696,1994,2,2,1,,1
585,1,87,2,2,1,5,6,6,5,5,7,7,1,7,6,6,7,5,7,7,9,4.000,1994,1,2,1,,1
586,1,60,4,3,3,6,7,6,4,2,5,6,2,7,5,2,4,6,5,5,7,3.820,1996,2,2,1,,1
587,1,81,1,2,1,7,7,7,7,4,7,7,1,7,7,7,7,1,6,6,3,3.706,1997,2,2,1,,1
588,1,87,1,2,1,6,6,6,6,6,6,7,1,7,6,6,5,2,6,6,8,3.290,1996,2,2,1,,5
589,1,89,2,1,1,7,7,7,7,6,7,7,1,7,7,7,7,1,7,7,5,3.848,1998,1,2,1,,1
590,1,85,1,1,1,7,7,7,7,7,7,7,3,7,7,7,7,5,7,5,7,3.194,1996,2,1,6,Hispanic,5
591,1,65,3,2,1,6,6,6,6,4,6,6,3,6,6,6,6,5,6,3,2,3.082,1998,2,2,1,,1
592,1,80,4,3,4,6,6,4,5,6,6,6,1,5,5,5,7,5,7,5,10,3.701,1998,2,2,1,,1
593,1,82,4,4,1,3,4,5,6,5,5,7,6,7,6,4,7,2,6,7,10,3.380,1993,2,2,5,,1
594,1,83,3,3,2,6,4,5,7,6,3,7,3,7,5,5,3,6,7,7,11,3.845,1993,2,2,4,,1
595,1,80,1,2,1,7,7,7,7,5,5,7,1,7,7,7,6,1,6,7,8,3.758,1993,2,2,1,,1
596,1,96,2,2,7,1,1,1,1,3,1,1,3,7,7,6,7,5,3,5,5,3.959,1994,2,2,6,European/latino,5
597,1,70,4,1,6,6,5,5,4,5,5,7,2,6,5,5,5,4,6,4,9,3.031,1992,1,2,1,,2
598,1,30,3,4,1,7,7,6,6,3,7,7,1,7,7,6,6,2,7,7,5,3.910,1998,2,2,1,,1
599,1,87,1,1,2,7,7,7,6,6,7,7,1,7,7,6,7,3,7,7,9,3.794,1994,1,2,1,,2
600,1,80,1,1,4,4,4,5,5,5,5,5,1,6,7,6,7,2,7,4,9,3.854,1993,2,2,4,,1
601,1,85,1,1,1,6,6,7,4,5,7,7,1,7,5,5,3,1,7,6,6,4.000,1997,2,2,1,,1
602,1,66,1,2,6,6,6,6,6,1,5,6,1,7,7,5,7,5,7,7,3,2.558,1997,2,2,1,,1
603,1,100,1,1,3,5,4,6,4,5,6,6,2,7,7,5,4,3,5,5,10,3.825,1993,1,2,1,,2
604,1,85,2,2,2,4,4,4,4,4,6,5,1,7,5,5,7,2,4,7,5,1.510,1995,2,2,1,,2
605,1,75,1,1,5,6,4,4,3,7,7,7,5,6,4,5,5,5,3,4,7,3.442,1997,2,2,4,,1
606,1,75,2,2,1,7,7,7,5,3,7,6,1,7,7,7,7,2,7,7,12,3.735,1992,2,2,1,,2
607,1,72,2,1,2,5,5,3,4,4,3,4,1,7,6,5,7,3,6,1,8,2.766,1991,1,2,1,,2
608,1,90,1,2,2,6,5,5,3,4,5,7,1,7,6,7,5,5,6,7,9,3.144,1994,1,2,1,,1
609,1,87,2,2,4,2,1,3,6,7,5,5,7,7,7,7,7,7,7,7,6,3.152,1995,1,2,1,,1
610,1,20,4,4,2,7,7,6,7,5,7,7,1,6,5,3,6,2,6,6,2,3.431,1999,2,1,6,Hispanic or Latino,1
611,1,76,2,1,3,6,5,2,1,2,2,5,1,6,7,3,1,4,2,5,9,2.715,1992,1,2,1,,2
612,1,80,2,2,1,7,7,5,7,7,7,7,1,7,7,7,7,3,7,7,1,0.000,1993,1,2,1,,1
613,1,80,1,2,3,5,5,3,2,2,3,3,1,7,6,5,6,2,7,7,8,3.155,1992,1,2,1,,1
614,1,85,1,2,2,3,4,5,2,6,7,7,1,7,7,3,5,2,7,7,8,2.783,1983,1,2,1,,1
615,1,81,2,2,2,7,7,6,4,6,7,7,2,7,7,5,5,2,4,4,11,3.211,1993,2,2,1,,1
616,1,87,2,1,2,6,7,6,5,2,6,5,3,5,6,3,5,5,6,7,12,2.881,1991,2,2,1,,2
617,1,76,1,2,5,3,5,4,2,5,7,3,2,7,7,5,3,5,6,2,8,3.119,1994,1,2,1,,2
618,1,90,1,2,2,6,6,4,5,5,5,5,2,6,6,5,4,5,6,4,12,3.955,1995,2,2,1,,5
619,1,8,4,4,5,5,5,5,3,6,5,3,5,6,5,1,3,7,5,5,12,3.955,1996,2,2,1,,1
620,1,75,2,1,3,4,5,2,3,4,4,5,3,6,6,2,6,5,3,6,5,2.755,1994,1,2,1,,1
621,1,90,2,2,3,5,5,4,4,5,6,5,1,7,7,6,4,4,6,6,12,3.470,1991,2,2,1,,1
622,1,75,2,3,5,4,4,4,4,5,3,4,1,6,6,4,4,5,4,5,7,2.860,1990,1,2,1,,1
623,1,30,1,1,1,7,6,6,5,7,7,6,5,6,6,3,5,7,7,6,10,3.746,1996,2,2,1,,1
624,1,91,2,2,1,7,6,6,6,6,5,6,1,7,5,4,7,4,6,7,4,2.885,1997,1,2,6,"Half Taiwanese, half American",1
625,1,89,2,2,5,5,5,4,5,7,6,7,3,7,7,7,6,4,7,7,10,3.037,1991,1,2,1,,1
626,1,70,3,4,2,5,5,4,5,7,5,6,1,6,6,5,7,1,7,7,11,3.110,1989,1,2,1,,1
627,1,50,1,1,1,5,5,3,2,6,6,7,1,7,7,3,7,3,6,6,12,3.989,1992,1,2,1,,2
628,1,87,3,2,4,5,7,3,7,6,5,7,1,7,5,5,5,3,6,7,8,2.952,1997,2,2,1,,2
629,1,80,1,2,6,6,6,5,5,6,6,6,1,7,7,7,7,5,7,6,8,3.724,1995,1,2,1,,1
630,1,85,2,1,2,6,5,3,5,5,6,7,2,7,7,6,7,1,6,7,7,3.808,1997,2,2,1,,5
631,1,80,2,1,2,6,6,6,7,7,6,6,1,7,7,7,7,5,6,6,7,3.527,1994,1,2,1,,4
632,1,92,2,2,6,4,6,5,4,5,7,7,1,7,6,2,7,7,6,4,5,3.555,1997,2,1,6,Hispanic/mexican,1
633,1,72,1,2,4,5,3,4,4,5,7,7,1,7,7,6,7,3,7,6,5,3.228,1995,1,2,1,,1
634,1,75,1,1,4,5,5,4,4,5,5,7,1,7,7,7,7,3,3,7,9,2.974,1993,2,2,1,,2
635,1,50,3,3,1,7,7,6,6,6,7,7,1,7,6,6,6,1,6,6,5,2.085,1997,2,2,1,,5
636,1,70,2,2,1,6,5,4,5,5,7,6,3,6,5,2,3,5,5,3,6,3.380,1997,2,2,1,,1
637,1,70,3,3,1,6,6,5,4,3,6,6,1,7,5,5,5,2,7,5,12,3.829,1991,2,2,1,,1
638,1,75,1,2,2,6,6,3,6,6,6,6,7,7,4,4,4,6,2,6,5,3.279,1997,2,2,1,,4
639,1,77,1,1,3,5,5,3,5,5,5,6,1,7,7,2,7,2,7,5,2,3.542,1994,1,1,6,Mexican/Honduran,5
640,1,80,1,1,2,5,5,5,3,3,3,3,1,7,7,5,6,5,5,6,11,3.561,1994,2,2,1,,2
641,1,90,1,1,2,7,5,4,7,5,5,6,2,7,7,2,6,1,6,4,8,3.110,1991,2,1,6,,5
642,1,80,1,1,2,4,4,2,4,7,6,7,3,4,3,5,1,7,3,7,7,3.504,1994,2,1,1,,1
643,1,41,1,3,7,6,4,5,7,3,5,7,5,5,4,3,1,7,6,7,6,3.076,1996,2,1,6,Hispanic,1
644,1,75,2,1,1,7,7,7,6,7,7,7,1,7,7,7,5,1,7,7,10,3.515,1995,2,2,1,,2
645,1,77,2,1,2,6,7,5,7,7,7,7,1,7,5,5,7,5,7,6,9,2.039,1989,1,2,1,,2
646,1,87,2,3,2,7,7,7,7,5,6,7,2,7,6,6,6,3,6,7,12,3.482,1994,2,2,1,,1
647,1,92,1,2,7,7,7,7,7,7,7,7,1,7,7,7,7,1,7,7,11,3.561,1986,2,2,2,,3
648,1,100,1,1,1,7,7,7,4,5,5,4,1,7,7,7,7,1,6,7,9,3.135,1993,1,2,1,,2
649,1,78,3,3,5,5,4,4,4,4,4,4,2,7,7,6,6,3,4,6,7,3.239,1991,2,2,1,,1
650,1,50,3,2,4,3,5,4,2,2,4,5,1,7,7,6,2,5,7,7,7,2.580,1995,2,2,1,,1
651,1,75,1,1,5,7,7,5,5,1,3,7,1,7,7,7,7,5,3,5,6,3.048,1996,1,2,2,,1
652,1,70,1,1,2,6,6,6,6,6,6,5,2,7,3,4,6,2,6,6,10,3.906,1994,2,2,1,,1
653,1,81,3,2,1,5,7,7,5,7,7,7,1,7,7,4,4,5,5,6,6,2.214,1994,2,2,1,,1
654,1,90,1,1,1,7,7,7,7,7,7,5,6,7,7,7,7,7,7,5,5,3.914,1993,1,1,1,,1
655,1,81,1,2,7,5,5,5,2,4,3,4,6,7,7,6,4,6,5,2,10,3.054,1992,1,2,1,,1
656,1,80,4,4,3,7,6,5,6,6,6,6,7,5,3,3,3,5,4,1,8,3.335,1993,1,2,1,,1
657,1,70,2,1,4,6,6,6,5,5,7,7,1,7,5,7,5,2,5,7,8,3.346,1994,2,2,1,,5
658,1,75,3,3,2,5,5,5,3,4,3,4,1,6,6,6,4,2,3,5,8,3.634,1995,1,2,1,,1
659,1,97,1,2,1,7,7,6,6,6,7,5,1,7,7,5,6,1,4,5,10,3.878,1996,2,2,1,,1
660,1,93,2,2,3,7,7,7,6,6,7,7,1,7,7,7,7,6,5,6,9,3.234,1993,1,2,1,,1
661,1,78,2,3,5,5,5,5,4,6,7,7,1,1,2,3,1,2,1,1,4,2.146,1991,1,2,1,,1
662,1,93,2,4,3,3,3,3,3,5,2,4,1,7,7,7,7,1,7,4,8,3.993,1995,2,2,1,,1
663,1,91,2,3,1,2,2,4,5,5,7,7,4,7,6,5,5,3,6,4,9,3.363,1993,2,2,1,,1
664,1,59,2,2,2,5,4,4,4,5,6,7,1,7,5,5,5,2,6,6,8,3.730,1995,2,2,1,,1
665,1,90,2,1,1,7,7,6,6,7,7,7,2,7,7,7,4,1,7,7,10,3.850,1992,2,2,1,,1
666,1,89,4,3,1,6,5,5,6,6,6,6,1,7,5,5,6,2,6,6,9,3.594,1995,2,2,1,,1
667,1,21,2,1,4,7,5,5,3,1,3,7,1,6,3,2,7,7,4,3,8,1.538,1992,2,2,7,,1
668,1,95,2,2,3,6,6,5,5,5,4,5,1,6,6,4,6,5,5,6,11,3.206,1991,1,2,1,,2
669,1,83,1,2,3,5,5,5,4,5,5,6,1,7,5,4,4,5,5,5,5,2.732,1994,1,2,1,,5
670,1,83,1,1,3,6,5,5,6,6,6,6,1,6,5,5,6,2,4,3,3,3.955,1995,2,2,4,,5
671,1,61,3,1,2,6,6,5,6,2,6,6,2,6,6,6,5,2,6,6,12,3.454,1992,2,2,1,,2
672,1,30,4,4,1,4,3,6,6,7,7,7,2,5,6,5,4,7,2,2,7,3.255,1994,2,2,1,,1
673,1,90,3,3,2,6,6,5,1,4,2,7,1,7,7,7,7,1,7,7,7,3.003,1995,2,2,1,,1
674,1,94,2,1,1,7,7,7,7,7,7,7,1,7,7,7,7,2,2,7,8,3.825,1994,2,2,1,,4
675,1,94,1,1,2,5,5,6,3,3,7,7,3,7,5,5,2,5,7,7,6,3.921,1989,1,2,1,,5
676,1,60,3,3,5,3,6,2,1,2,6,5,3,7,3,1,7,5,4,2,8,3.794,1993,2,2,1,,2
677,1,80,1,1,4,4,4,4,2,5,4,7,1,7,7,4,4,2,6,6,8,3.351,1993,1,2,1,,2
678,1,80,4,4,3,4,4,5,2,2,6,5,2,6,7,6,2,5,7,6,12,3.420,1990,2,2,1,,1
679,1,85,1,2,2,6,5,4,6,6,6,6,1,7,6,5,6,2,6,7,8,3.617,1995,1,2,1,,1
680,1,63,2,3,6,6,6,6,6,6,6,7,1,7,7,5,7,2,7,7,9,2.783,1991,2,2,1,,1
681,1,92,1,1,4,6,6,6,5,4,5,7,6,4,4,4,4,5,4,4,2,1.114,1992,1,1,3,,1
682,1,70,4,4,3,5,5,4,7,7,7,7,1,7,7,7,7,4,7,5,3,3.380,1998,2,2,1,,1
683,1,85,1,4,7,7,7,7,7,7,7,7,5,7,7,5,7,3,4,6,2,2.871,1998,2,2,1,,1
684,1,65,1,1,4,4,3,6,5,6,2,7,1,5,4,5,5,2,6,6,9,3.842,1992,1,2,1,,4
685,1,85,1,1,2,6,6,6,6,6,6,6,1,7,7,3,7,2,3,6,6,3.668,1994,1,2,1,,5
686,1,85,1,1,2,4,5,3,5,6,7,5,1,7,6,5,7,1,7,6,4,2.569,1998,2,2,1,,1
687,1,84,3,4,5,5,6,5,5,5,6,6,5,4,4,1,1,6,1,1,5,3.277,1997,2,2,1,,1
688,1,76,3,4,6,5,7,2,2,5,5,5,6,5,7,3,5,3,3,6,9,3.608,1993,2,2,1,,2
689,1,85,1,1,7,7,7,6,7,7,7,7,7,7,7,6,7,2,6,7,1,3.702,1998,1,2,1,,1
690,1,74,2,2,2,5,5,3,3,3,5,5,2,6,6,4,5,3,5,5,7,3.695,1992,1,2,1,,5
691,1,80,2,3,2,6,5,4,5,6,7,6,1,7,7,7,5,2,7,7,4,3.922,1998,2,2,1,,1
692,1,75,4,3,6,6,3,2,5,5,6,6,1,5,6,6,7,5,7,6,7,2.033,1996,2,2,1,,1
693,1,90,1,1,1,3,7,7,1,2,7,7,1,7,4,3,7,7,7,3,8,3.808,1994,1,2,1,,1
694,1,85,1,1,3,5,5,5,5,6,7,7,4,6,6,3,4,6,5,5,4,3.148,1995,2,2,1,,4
695,1,45,4,3,2,5,6,4,4,6,6,5,3,6,6,4,6,1,5,5,11,3.884,1994,2,2,1,,5
696,1,84,2,1,1,7,5,6,5,7,7,7,1,7,7,5,6,3,7,5,12,3.763,1994,2,2,1,,1
697,1,93,2,2,1,7,7,6,4,7,7,7,1,7,7,7,6,1,7,7,8,3.786,1995,2,2,1,,1
698,1,80,1,2,1,7,7,5,7,6,7,7,1,7,7,7,7,1,7,7,12,2.982,1992,2,2,1,,1
699,1,81,3,4,1,7,7,7,7,7,7,7,1,7,7,7,7,1,7,1,3,1.989,1996,1,1,7,,5
700,1,70,1,1,2,6,6,5,6,5,6,6,2,7,6,5,6,5,6,6,9,3.752,1996,1,2,1,,1
701,1,80,1,1,2,7,7,5,3,7,5,7,2,7,7,5,5,2,3,4,12,2.856,1992,1,2,1,,1
702,1,90,1,1,3,5,6,5,4,4,6,4,1,6,6,5,5,7,2,5,9,3.132,1992,1,2,1,,5
703,1,80,2,1,1,7,7,7,7,7,7,6,1,7,7,7,7,1,7,7,10,3.668,1972,2,2,1,,2
704,1,70,2,2,2,5,4,4,4,6,6,6,2,6,4,4,4,3,5,6,5,3.037,1997,2,2,1,,4
705,1,85,2,2,4,5,5,5,6,6,5,5,2,6,6,5,6,2,6,6,8,3.842,1996,2,2,1,,4
706,1,73,1,1,1,7,6,6,4,6,7,6,1,7,6,6,4,1,7,6,9,3.261,1995,2,1,6,Mexican,1
707,1,65,2,2,3,6,6,5,5,5,5,5,2,7,5,7,7,5,6,5,8,3.206,1993,1,2,1,,1
708,1,90,1,2,3,6,6,6,5,6,6,7,2,7,6,6,7,3,6,7,8,3.572,1993,1,2,1,,1
709,1,62,2,2,1,7,7,7,7,7,7,7,7,7,7,7,7,7,7,7,8,4.000,1994,2,2,1,,5
710,1,40,2,3,1,7,7,5,7,7,7,7,7,7,7,5,7,1,7,7,3,3.814,1998,2,2,1,,1
711,1,71,1,1,2,7,7,5,6,5,6,7,1,7,7,6,6,2,7,7,11,3.504,1989,2,2,1,,1
712,1,59,1,1,1,7,7,7,7,6,5,6,1,7,3,7,7,1,7,7,5,4.000,1992,2,2,1,,2
713,1,87,1,1,3,6,6,6,6,3,5,6,1,7,7,7,7,3,7,7,3,3.758,1998,2,2,1,,1
714,1,39,4,4,1,7,7,4,4,5,7,7,1,7,7,7,7,1,7,7,11,3.346,1994,2,2,1,,4
715,1,72,4,3,4,4,4,4,5,2,4,4,6,4,5,2,6,7,2,1,12,2.766,1992,2,2,1,,1
716,1,91,2,3,1,7,7,7,7,7,7,7,1,7,7,7,7,1,7,7,8,2.426,1995,2,1,7,,1
717,1,90,1,1,2,6,6,6,5,6,6,6,2,7,6,5,6,2,6,6,11,3.313,1994,2,2,1,,5
718,1,83,2,2,2,6,6,6,7,7,7,7,2,6,7,4,7,5,7,7,6,4.000,1995,2,2,1,,1
719,1,18,4,4,2,5,5,5,6,4,6,7,7,2,6,1,3,6,2,2,7,3.335,1994,1,2,1,,1
720,1,85,1,2,1,7,5,4,5,7,7,7,1,7,7,4,5,1,7,7,8,3.738,1997,2,2,1,,1
721,1,51,1,1,2,6,4,5,6,3,6,7,1,7,7,7,7,1,7,7,7,3.054,1992,2,1,1,,1
722,1,62,1,1,1,6,7,7,5,6,7,7,1,7,7,7,7,4,7,7,3,4.000,1996,1,2,1,,1
723,1,70,1,2,1,7,5,4,7,7,7,7,1,7,7,7,7,1,7,7,12,3.008,1992,2,1,1,,1
724,1,70,2,3,5,4,4,5,2,7,6,7,7,7,3,5,5,2,7,2,7,1.701,1995,2,2,1,,1
725,1,51,3,3,4,3,3,3,2,4,5,5,1,7,7,5,7,4,6,6,5,2.490,1997,2,1,7,,1
726,1,80,2,1,1,7,6,6,5,7,7,7,1,7,7,6,5,1,7,7,8,3.989,1975,2,2,1,,2
727,1,93,1,2,5,5,5,6,5,6,6,6,5,4,3,1,4,7,1,1,8,3.977,1995,1,2,1,,1
728,1,81,1,1,3,6,5,5,5,6,6,6,2,7,7,6,6,3,6,6,9,3.577,1995,1,2,1,,4
729,1,87,1,1,2,6,7,6,4,6,7,7,1,7,5,7,7,1,7,7,7,3.420,1996,2,2,1,,1
730,1,90,1,1,4,5,6,4,4,5,5,5,2,6,6,4,6,3,5,5,8,3.194,1994,1,1,6,hispanic,1
731,1,95,3,2,2,6,6,6,4,5,5,1,5,7,7,7,6,7,2,1,12,3.977,1983,1,2,1,,2
732,1,85,1,1,1,7,7,7,7,7,7,7,1,7,7,7,7,1,7,7,9,3.685,1995,1,2,1,,2
733,1,90,1,2,1,6,6,5,6,5,7,7,1,7,7,6,6,1,7,7,3,2.635,1995,1,2,1,,1
734,1,85,1,1,1,7,7,7,7,6,7,7,1,7,7,7,6,1,7,7,11,3.296,1993,2,2,1,,2
735,1,90,1,1,1,6,6,5,5,6,6,6,1,7,7,7,7,2,7,7,11,3.808,1993,1,1,1,,2
736,1,80,1,2,1,6,6,6,6,7,3,6,1,7,7,7,6,1,6,7,10,3.510,1992,1,1,6,Hispano,1
737,1,80,1,2,7,7,7,7,7,7,7,7,2,7,7,7,7,7,7,2,6,3.814,1992,1,2,1,,1
738,1,100,1,1,3,4,3,3,4,4,4,4,1,7,7,6,7,5,2,3,3,3.561,1995,1,1,6,Son of God,5
739,1,100,2,1,6,5,6,7,6,5,6,4,4,5,5,6,4,5,4,6,6,3.566,1995,1,1,7,,1
740,1,88,1,1,1,7,7,7,7,7,7,7,1,7,7,7,7,1,7,7,6,3.989,1992,2,1,6,TAN? Not sure,1
741,1,94,1,1,1,7,7,7,7,5,6,6,1,7,7,7,7,1,7,6,3,3.820,1995,2,1,6,Latino,1
742,1,81,2,2,6,5,5,5,6,5,3,5,1,7,7,7,7,1,2,6,5,2.986,1995,1,1,6,hispanic,1
743,1,90,2,1,2,6,5,5,5,7,5,6,1,7,6,3,6,3,2,2,8,2.957,1990,1,2,1,,2
744,1,81,1,4,1,7,5,6,4,5,7,7,7,7,7,5,7,6,6,3,4,3.545,1996,1,2,1,,1
745,1,80,2,1,2,6,5,5,5,6,6,6,1,7,7,7,6,2,6,7,6,3.070,1994,1,2,1,,5
746,1,100,1,1,1,6,6,5,4,4,5,4,1,7,7,3,4,7,1,1,1,3.261,1992,1,1,1,,2
747,1,80,1,2,3,4,4,4,4,5,4,6,3,7,7,6,7,6,5,7,4,1.287,1997,1,1,7,,1
748,1,71,3,2,1,7,7,5,7,7,7,7,1,7,7,6,7,1,6,6,9,2.789,1994,2,2,1,,5
749,1,60,2,1,1,7,7,7,7,7,7,7,1,7,7,7,7,1,7,7,9,2.541,1997,2,1,1,,4
750,1,80,2,2,1,7,6,2,5,5,6,5,1,7,7,6,7,1,7,5,10,3.770,1994,2,2,1,,2
751,1,82,1,1,7,7,5,5,4,7,7,7,1,7,6,6,7,1,7,7,9,3.832,1994,2,2,1,,1
752,1,81,2,3,2,6,6,6,5,5,5,5,1,7,7,7,7,5,5,2,8,2.866,1994,2,2,1,,5
753,1,85,3,3,2,5,5,5,5,5,3,4,7,7,7,7,7,7,7,7,8,3.084,1996,2,2,1,,1
754,1,76,1,2,3,2,3,3,3,3,3,3,5,6,6,6,6,6,6,6,11,3.363,1991,1,2,1,,1
755,1,84,2,2,5,5,5,5,5,5,5,5,4,5,5,3,6,4,6,5,8,3.820,1993,1,2,1,,2
756,1,68,3,2,1,7,7,7,7,6,7,7,3,5,1,1,5,5,1,6,4,2.819,1997,2,2,1,,5
757,1,83,1,2,1,7,7,6,4,6,6,6,1,7,7,7,6,2,7,7,9,3.803,1994,1,2,1,,1
758,1,80,1,1,3,7,7,7,6,4,5,7,2,7,7,7,7,5,6,7,8,3.780,1997,2,2,1,,4
759,1,80,1,1,1,6,6,5,5,7,7,7,2,7,6,5,4,2,5,5,1,2.546,1996,1,2,1,,4
760,1,92,1,1,5,4,4,4,5,5,5,5,1,7,7,6,7,2,6,1,4,3.989,1994,2,1,6,Latina,2
761,0,75,3,3,2,5,5,5,5,5,5,5,5,5,5,5,1,5,5,5,12,2.293,1994,2,1,7,,1
762,1,100,3,1,4,6,6,6,6,6,6,6,5,5,7,7,7,7,7,7,7,3.510,1997,2,2,2,,5
763,1,85,2,1,3,5,5,4,5,5,5,5,4,6,5,2,6,4,4,4,5,2.783,1995,1,2,1,,4
764,1,81,1,1,3,7,7,4,6,4,4,6,1,7,7,7,7,3,7,7,4,3.285,1994,1,2,2,,1
765,1,91,2,3,1,7,7,7,3,5,7,3,1,7,7,6,7,1,7,7,4,3.679,1998,2,2,1,,1
766,1,85,2,3,5,7,6,5,5,6,7,7,6,5,7,3,5,2,3,5,3,3.622,1998,2,2,1,,1
767,1,71,1,1,1,7,7,7,7,5,5,7,1,7,7,6,7,5,5,5,9,2.896,1996,2,2,1,,1
768,1,70,1,2,2,6,5,5,6,5,5,6,1,6,6,6,6,5,6,6,3,3.003,1995,1,2,1,,4
769,1,82,2,1,1,6,7,7,5,7,7,7,3,5,2,5,4,7,5,4,8,2.518,1992,1,2,1,,1
770,1,96,1,1,3,7,7,7,7,7,3,7,1,7,7,7,7,2,7,7,6,4.000,1996,2,2,1,,1
771,1,95,1,2,1,7,3,4,5,4,7,7,7,7,4,7,7,2,7,7,3,3.882,1995,1,2,1,,5
772,1,71,1,1,3,5,7,6,6,7,7,7,7,7,7,7,5,1,7,5,6,3.606,1994,2,1,1,,1
773,1,65,1,1,1,7,7,5,6,6,2,6,1,7,7,7,7,1,3,6,7,2.896,1997,2,2,2,,1
774,1,91,2,3,7,6,5,5,6,6,6,6,6,7,7,5,5,4,7,5,8,2.761,1993,1,2,1,,1
775,1,82,1,1,1,6,6,6,6,6,6,6,1,7,6,5,7,4,6,6,7,2.879,1993,1,2,1,,2
776,0,100,1,2,1,7,7,7,7,7,7,7,7,7,7,1,7,1,6,6,9,2.535,1988,2,2,6,MEDITERRANEAN.,1
777,1,83,2,1,1,5,5,2,7,7,6,6,3,7,7,5,7,6,3,5,6,3.358,1993,1,2,1,,4
778,1,83,1,1,1,7,7,7,7,4,7,5,1,7,7,4,7,1,7,7,12,3.148,1994,2,2,1,,2
779,1,62,2,1,5,6,5,6,5,5,5,5,1,6,7,7,7,2,7,6,5,3.082,1994,2,2,1,,2
780,1,51,1,1,2,6,7,6,5,7,7,7,6,6,5,5,4,7,4,4,12,3.217,1981,2,2,1,,1
781,1,85,2,3,3,4,6,4,5,5,6,7,5,5,2,3,3,5,5,2,7,2.833,1996,2,2,1,,1
782,1,60,4,3,2,6,6,5,6,3,6,6,2,6,7,2,6,5,6,4,8,2.637,1994,2,2,1,,4
783,1,70,3,3,1,5,5,7,4,6,7,7,5,6,6,6,5,5,5,6,5,3.623,1994,2,2,1,,1
784,1,62,4,4,3,5,5,5,7,7,7,3,7,5,5,1,6,7,3,3,8,2.270,1993,2,2,1,,2
785,1,79,1,1,1,7,7,4,4,6,5,4,1,7,7,5,7,1,7,7,11,3.812,1973,2,2,1,,2
786,1,94,1,1,2,5,6,5,4,5,6,5,2,5,6,4,3,3,3,6,6,3.392,1995,1,2,1,,2
787,0,100,1,2,7,7,7,7,4,7,7,7,5,7,7,5,5,1,3,5,8,2.942,1995,2,,,,
788,0,90,2,1,5,7,6,6,6,6,7,6,4,7,7,4,7,4,4,4,7,3.419,1995,2,2,1,,2
789,0,71,1,1,5,5,5,5,5,5,5,5,3,3,3,3,3,3,3,3,6,2.865,1996,2,1,1,,5
790,0,71,1,2,6,6,3,3,4,5,7,5,1,7,6,5,4,1,7,6,11,3.310,1994,2,2,1,,1
791,0,83,1,1,1,6,6,5,5,6,6,7,2,7,6,6,6,3,6,7,9,3.755,1996,2,2,1,,1
792,0,91,1,1,1,7,7,7,6,6,7,7,1,6,7,5,4,5,5,5,4,4.000,1996,2,2,1,,5
793,1,90,2,2,5,4,4,4,4,3,4,4,3,5,5,3,5,5,3,3,3,3.234,1990,1,2,7,,1
794,1,80,2,2,2,5,5,5,5,5,5,5,1,6,6,6,6,2,6,6,6,3.144,1997,2,2,1,,1
795,1,70,2,1,1,7,7,7,7,5,6,5,1,7,7,6,4,3,6,6,7,3.882,1994,1,2,1,,2
796,1,80,2,2,7,7,7,7,7,7,7,7,6,7,7,7,7,1,7,5,8,3.606,1991,1,1,2,,2
797,1,66,4,2,3,6,7,6,4,3,5,6,1,7,7,6,6,6,7,7,8,3.020,1996,2,2,1,,2
798,1,91,1,2,7,7,7,7,7,4,7,7,7,5,7,6,4,7,1,1,5,2.490,1996,2,2,7,,1
799,1,92,1,2,4,4,4,4,4,4,4,4,4,4,4,4,4,4,4,4,10,3.326,1994,1,2,1,,1
800,1,94,1,1,1,5,5,5,6,6,6,6,1,7,7,6,6,3,6,6,10,4.000,1994,1,2,1,,2
801,1,92,1,2,5,3,3,5,5,6,5,5,1,7,7,7,5,3,7,7,7,3.707,1996,2,2,1,,1
802,1,91,1,1,4,4,4,4,3,4,2,4,1,7,7,7,5,3,6,6,4,3.228,1995,1,2,1,,1
803,1,81,2,1,2,6,5,5,4,5,6,6,1,7,6,6,7,2,6,7,10,3.645,1994,1,2,1,,5
804,1,71,3,4,3,4,6,5,4,6,5,5,3,5,6,5,7,5,5,3,9,3.859,1996,2,2,1,,5
805,1,80,4,4,4,5,5,5,7,7,7,7,2,7,5,5,7,1,7,5,8,3.927,1996,2,2,1,,1
806,1,60,2,2,2,6,6,5,5,5,6,6,7,7,5,4,7,2,6,5,8,3.870,1997,2,2,1,,1
807,1,64,2,1,7,7,7,7,7,5,7,7,1,7,7,7,7,1,7,6,6,2.644,1996,2,2,1,,2
808,1,65,1,2,1,7,7,7,6,6,7,7,1,7,6,7,7,3,7,7,3,3.611,1999,2,2,1,,1
809,1,63,2,3,7,5,5,5,3,5,6,6,1,7,5,4,3,5,6,6,6,3.470,1997,2,2,1,,1
810,1,70,2,2,4,5,4,4,3,2,5,5,1,7,7,5,4,2,7,7,6,2.353,1995,2,2,1,,1
811,1,78,4,2,5,5,6,5,3,3,5,5,2,6,6,3,6,2,6,5,12,2.490,1994,2,2,1,,1
812,1,91,1,2,1,6,6,5,7,7,7,7,1,7,6,5,7,5,7,6,4,3.020,1997,2,2,1,,1
813,1,85,1,2,1,6,6,4,6,7,6,7,1,7,6,3,7,3,6,7,6,3.915,1995,1,2,1,,1
814,1,72,3,2,1,7,7,7,7,3,6,4,1,7,7,7,7,2,6,6,5,3.200,1998,2,2,1,,2
815,1,85,2,2,2,5,6,5,5,6,6,6,3,5,5,6,3,3,3,5,8,3.093,1994,1,2,1,,2
816,1,80,3,3,3,3,4,4,4,5,3,3,3,5,7,5,5,3,5,6,2,3.471,1999,2,2,1,,1
817,1,88,2,1,1,7,7,7,7,7,7,7,7,7,7,7,7,7,7,7,8,3.671,1995,2,2,1,,5
818,1,81,2,2,1,3,5,4,5,5,6,7,1,6,6,5,6,2,6,7,7,3.555,1992,1,2,1,,1
819,1,82,1,2,4,6,6,6,4,4,6,6,2,7,6,6,7,5,7,7,2,2.147,1995,1,2,1,,1
820,1,91,1,1,2,6,5,5,6,5,6,7,1,7,7,7,7,7,6,7,6,2.817,1996,2,2,1,,2
821,1,82,1,2,3,7,7,5,2,4,5,5,1,7,7,5,6,5,6,6,8,3.831,1995,2,2,1,,1
822,1,71,1,1,1,6,6,6,5,5,5,6,4,6,7,6,6,5,5,5,3,3.177,1994,2,2,1,,5
823,1,91,1,2,2,6,5,7,5,6,7,7,1,7,6,5,7,2,7,7,6,4.000,1996,2,2,1,,1
824,1,59,1,1,6,3,5,4,4,7,7,7,7,5,5,4,4,4,3,4,10,3.200,1994,2,2,7,,2
825,1,92,1,1,2,6,5,4,6,5,7,7,2,2,3,5,6,3,7,7,8,3.910,1998,2,2,1,,1
826,1,93,1,1,2,5,5,5,4,5,6,6,1,6,6,6,7,3,7,5,10,3.583,1994,1,2,1,,2
827,1,93,1,1,7,7,7,7,5,5,5,5,2,7,7,7,7,7,7,7,11,3.228,1994,1,2,5,,2
828,1,85,2,2,3,4,4,4,5,2,4,2,1,6,5,4,4,7,4,5,9,3.307,1994,1,2,1,,2
829,1,95,2,2,1,7,7,7,5,7,7,7,1,7,7,7,7,1,7,7,8,3.651,1997,2,2,1,,2
830,1,80,2,2,1,7,7,7,7,4,7,7,1,7,7,3,7,7,7,7,6,2.180,1994,1,2,1,,2
831,1,60,3,2,2,6,6,5,6,5,5,6,6,6,6,5,6,6,2,2,3,2.192,1998,2,2,6,Half white half Filipino (Asian/Pacific Islander),1
832,1,92,3,2,6,7,7,6,6,6,7,7,1,7,6,5,6,2,7,7,5,2.384,1993,2,2,1,,1
833,1,73,2,1,1,7,7,4,6,6,7,7,5,7,7,5,6,1,4,5,1,0.000,1993,2,2,2,,2
834,1,61,3,3,1,3,3,2,2,5,7,5,3,2,1,5,5,3,3,3,4,3.135,1996,2,1,1,,4
835,1,83,3,3,2,6,5,4,4,6,6,7,1,7,6,3,5,2,6,7,7,3.572,1998,2,2,1,,1
836,1,80,2,3,3,6,7,7,7,5,5,6,1,7,7,6,7,6,2,7,5,3.403,1995,1,2,1,,1
837,1,80,3,3,4,5,4,3,5,4,4,5,1,6,5,6,6,4,4,5,5,3.285,1998,2,2,1,,1
838,1,81,1,2,7,7,7,5,1,5,7,7,3,6,6,5,6,3,6,4,10,3.253,1996,2,2,1,,5
839,1,54,1,1,2,5,4,5,5,5,6,7,2,6,5,4,5,2,5,6,10,2.963,1996,2,2,1,,1
840,1,85,1,1,3,5,4,6,3,6,6,7,2,6,7,5,6,2,6,6,5,3.200,1998,1,2,1,,1
841,1,95,2,2,2,6,7,6,6,7,7,7,1,7,7,3,5,2,5,4,7,3.420,1994,1,2,1,,1
842,1,63,2,2,2,4,5,5,3,3,6,6,4,6,6,6,4,5,5,6,9,3.673,1990,1,2,6,Human,1
843,1,85,1,2,1,7,7,5,6,6,7,7,4,5,3,3,3,6,3,4,10,3.555,1994,2,2,1,,3
844,1,66,4,2,4,4,4,4,8,8,8,8,1,7,7,6,5,2,7,4,9,2.901,1996,2,2,1,,2
845,1,60,2,2,4,7,7,6,7,7,5,5,2,6,6,6,7,5,5,4,6,4.000,1995,1,2,1,,1
846,1,80,1,2,1,6,6,4,4,7,7,7,1,7,7,2,6,1,6,7,1,4.000,1998,1,2,1,,1
847,1,70,2,1,2,7,7,5,5,4,5,5,1,7,7,7,6,1,7,7,10,3.555,1996,2,2,1,,1
848,1,97,1,1,1,7,7,7,7,7,7,7,7,7,7,7,7,7,7,7,11,3.814,1969,2,2,1,,2
849,1,91,1,2,6,5,4,4,4,7,7,7,5,7,7,3,5,1,5,3,3,2.310,1994,1,2,1,,5
850,1,84,1,1,1,1,1,1,1,2,1,1,1,1,1,1,4,6,1,1,4,3.746,1998,1,2,1,,1
851,1,86,2,2,2,6,6,5,4,5,5,5,2,7,7,5,6,5,5,5,9,3.977,1995,1,2,1,,1
852,1,81,3,1,1,6,5,4,5,5,6,7,1,6,6,6,5,6,7,7,5,3.842,1998,2,2,1,,1
853,1,70,1,3,2,4,5,1,1,7,7,7,1,7,6,4,6,7,7,2,7,3.008,1991,1,2,1,,1
854,1,85,2,1,1,7,7,7,7,6,6,7,1,7,7,7,7,1,5,7,10,3.746,1995,2,2,1,,5
855,1,92,1,1,1,6,6,7,6,7,5,7,1,6,7,7,6,1,5,5,1,3.910,1996,1,1,6,Latino,4
856,1,74,1,2,3,5,6,5,4,5,6,7,1,6,4,4,5,4,4,5,4,2.658,1996,1,2,5,,1
857,1,51,2,1,2,6,4,6,3,6,6,5,2,6,6,6,7,4,6,3,7,3.499,1996,2,2,4,,4
858,1,85,1,1,2,4,4,4,4,4,4,4,4,4,4,4,5,3,4,4,8,3.437,1994,1,2,1,,5
859,1,87,2,4,1,7,7,7,7,7,7,7,7,7,7,7,7,1,7,7,8,2.516,1994,2,2,1,,1
860,1,80,1,1,2,6,6,6,4,5,6,5,2,6,4,3,4,5,3,1,9,3.803,1991,2,2,1,,5
861,1,82,1,1,1,7,5,5,6,7,7,7,1,7,4,5,5,2,7,5,4,3.487,1994,2,2,1,,1
862,1,84,1,2,5,7,6,6,6,7,5,5,7,7,6,7,6,4,7,7,10,3.845,1996,2,2,1,,1
863,1,60,1,1,3,5,5,5,4,5,5,5,1,7,7,7,7,1,6,5,10,3.493,1991,1,1,7,,5
864,1,81,1,1,1,7,6,7,7,7,7,7,1,1,1,1,7,1,6,7,10,2.597,1993,2,1,1,,1
865,1,77,2,2,2,4,4,1,5,7,7,7,7,7,7,4,7,1,7,7,7,3.200,1994,2,2,1,,1
866,1,50,3,3,3,7,7,5,5,5,6,7,5,7,3,4,7,5,5,7,7,2.716,1995,2,2,1,,2
867,1,85,2,1,6,6,5,6,7,7,7,7,7,7,5,3,6,3,5,6,9,3.341,1994,2,1,6,Hispanic,4
868,1,60,1,1,1,7,7,7,7,5,5,7,1,7,7,7,7,1,7,7,5,3.076,1997,2,2,1,,1
869,1,71,1,1,6,6,5,5,6,7,7,7,2,6,6,6,6,3,7,7,9,3.831,1997,2,2,1,,1
870,1,75,1,1,5,5,5,5,5,5,5,5,5,5,7,7,7,2,7,7,9,3.087,1996,2,2,1,,1
871,1,87,2,1,1,7,7,7,5,6,7,7,1,6,7,7,2,1,7,5,7,3.414,1998,2,2,1,,5
872,1,76,1,1,1,7,7,7,7,7,7,7,7,7,7,3,5,1,7,5,10,3.553,1993,1,2,1,,1
873,1,85,1,1,1,7,7,6,6,4,7,7,1,7,6,6,6,2,6,7,7,2.845,1994,2,2,1,,1
874,1,73,2,2,6,5,5,5,6,5,7,6,2,7,6,6,2,7,3,2,5,3.852,1993,1,2,1,,5
875,1,79,3,3,2,7,7,5,4,4,5,6,6,7,6,3,5,5,5,3,8,3.458,1994,2,2,1,,1
876,1,29,1,2,1,7,7,7,7,7,7,7,7,1,1,1,5,6,1,2,3,2.783,1998,2,2,1,,1
877,1,87,1,1,1,6,6,3,5,7,6,7,1,6,6,6,5,1,6,7,11,3.594,1990,1,2,1,,4
878,1,80,1,1,1,7,7,4,4,6,7,7,1,7,7,7,5,1,7,7,12,3.510,1992,2,2,1,,1
879,1,75,2,4,1,7,7,7,7,4,7,7,1,7,7,7,7,1,7,7,5,3.827,1996,2,2,1,,1
880,1,90,1,2,1,7,6,7,7,7,6,7,1,7,7,7,7,1,6,7,4,3.662,1995,2,2,1,,1
881,1,85,3,4,5,5,7,3,1,3,3,4,1,7,7,7,7,5,7,4,5,4.000,1996,1,2,1,,1
882,1,60,3,3,1,6,6,6,6,6,7,7,1,7,5,3,7,3,3,7,8,3.617,1995,2,2,1,,1
883,1,83,1,2,7,7,7,7,7,5,7,7,1,7,6,6,7,2,7,7,6,4.000,1995,2,2,1,,1
884,1,76,3,2,2,5,5,3,3,6,5,5,2,6,6,3,6,3,5,5,8,2.986,1995,1,2,6,Dutch,2
885,1,95,1,2,1,7,7,7,4,7,6,7,1,7,7,7,4,2,7,7,9,3.870,1995,1,2,1,,1
886,1,89,2,2,5,5,2,3,7,5,6,7,1,6,7,6,7,4,7,7,5,1.792,1997,2,2,1,,5
887,1,85,1,1,2,5,4,4,2,3,5,6,7,7,7,7,6,2,4,5,5,3.910,1997,2,2,1,,1
888,1,74,2,1,1,7,7,5,4,5,7,7,1,7,7,7,7,5,7,7,1,3.545,1997,1,2,1,,1
889,1,91,1,1,1,7,7,7,7,5,7,7,1,7,7,5,4,2,7,4,6,2.721,1995,1,2,1,,1
890,1,45,4,4,1,7,7,7,4,6,7,7,1,7,7,6,7,3,6,6,10,3.042,1994,2,2,1,,1
891,1,77,1,1,1,7,7,7,6,5,7,6,1,7,7,7,6,1,7,7,11,3.290,1992,2,2,1,,2
892,1,70,1,1,1,7,7,7,7,7,7,7,1,7,7,6,6,1,7,7,2,3.566,1999,2,2,1,,1
893,1,92,1,1,2,6,6,6,6,7,7,7,1,7,5,5,3,5,7,6,7,3.735,1994,1,2,1,,1
894,1,71,1,1,1,7,7,7,7,7,7,7,1,7,7,7,7,2,6,6,10,2.811,1994,1,2,4,,1
895,1,29,4,4,7,7,6,5,7,7,5,7,7,7,7,7,7,5,7,7,7,2.631,1996,1,2,1,,1
896,1,92,2,2,1,7,7,6,4,7,7,7,1,7,7,6,6,1,7,7,9,3.020,1997,2,2,1,,1
897,1,96,1,2,3,5,5,5,6,3,3,4,4,6,5,4,6,6,4,5,10,3.865,1995,1,2,1,,1
898,1,80,4,3,5,5,4,4,5,2,5,5,7,7,7,6,7,5,7,6,8,1.955,1996,2,2,1,,1
899,1,81,1,1,1,7,7,7,7,6,7,7,2,7,7,5,7,5,7,7,4,2.180,1995,1,2,1,,5
900,1,86,1,1,1,6,4,5,4,4,4,7,1,3,4,4,4,1,1,4,10,3.431,1994,1,2,1,,1
901,1,29,4,4,1,7,7,7,7,7,7,7,2,2,5,1,1,7,1,1,2,2.248,1994,2,1,1,,1
902,1,71,1,1,1,7,7,6,6,6,6,6,1,7,7,6,7,1,7,7,10,3.392,1996,2,2,1,,1
903,1,72,1,1,1,6,6,4,5,7,6,6,1,6,6,6,6,1,6,6,9,3.561,1994,2,2,1,,1
904,1,85,1,1,7,5,5,5,5,5,5,5,7,7,6,7,7,1,7,7,2,3.882,1996,2,2,1,,1
905,1,36,4,4,1,7,7,7,7,6,7,6,1,7,7,7,7,2,4,4,2,3.544,1998,2,2,1,,5
906,1,61,3,3,1,6,6,4,6,7,7,7,1,7,7,4,7,1,7,7,5,3.239,1998,2,2,1,,5
907,1,87,2,2,1,7,7,5,4,5,6,7,7,6,7,5,7,5,6,7,1,3.470,1997,1,2,1,,1
908,1,39,1,4,1,3,5,7,1,6,6,7,1,7,7,6,6,6,6,7,2,3.707,1998,1,2,1,,1
909,1,80,2,2,1,6,6,4,6,6,6,6,1,7,7,3,7,5,4,5,4,3.808,1996,1,2,1,,1
910,1,80,2,3,1,6,6,3,5,5,7,7,1,7,7,5,6,5,7,7,7,3.277,1994,2,2,7,,2
911,1,92,1,2,3,5,6,4,5,4,3,4,7,7,6,6,7,6,6,7,2,3.651,1996,1,2,1,,1
912,1,75,1,1,1,6,6,6,6,3,6,6,7,7,7,7,5,2,6,7,7,3.685,1992,2,2,1,,2
913,1,41,2,4,5,4,5,3,4,3,5,5,5,6,6,3,6,6,3,3,1,3.414,1998,2,2,1,,1
914,1,80,1,1,1,7,7,7,4,4,4,6,1,7,7,7,7,1,7,7,11,3.583,1972,2,2,1,,2
915,1,90,3,2,3,6,6,5,5,4,6,6,1,7,6,6,6,2,5,5,8,3.065,1996,2,1,7,,1
916,1,51,1,3,1,7,7,3,7,5,6,7,2,5,7,3,5,7,7,6,4,1.780,1997,2,2,2,,1
917,1,95,1,1,1,7,7,7,6,3,7,7,1,7,7,7,7,1,7,7,7,3.707,1994,1,2,1,,2
918,1,80,2,3,5,2,2,4,3,2,5,4,4,3,4,3,2,4,4,2,4,2.524,1991,1,2,1,,1
919,1,78,1,3,5,5,5,5,3,5,7,7,1,7,7,5,7,1,7,7,5,3.496,1997,2,2,1,,2
920,1,71,1,1,4,6,6,5,5,4,4,6,2,7,7,7,7,1,5,6,10,2.546,1994,1,1,6,Hispanic,2
921,1,92,1,2,2,6,5,5,6,5,6,7,1,7,6,6,6,2,5,7,5,3.955,1996,1,2,1,,5
922,1,70,2,2,5,6,6,6,6,6,5,6,3,6,2,3,5,5,3,5,12,2.287,1993,1,2,1,,1
923,1,41,2,2,3,5,4,3,2,6,7,6,1,6,4,4,4,2,5,6,10,3.406,1995,2,2,1,,2
924,1,58,2,2,2,7,6,6,4,6,7,4,1,6,6,3,7,7,5,4,8,2.871,1992,1,1,6,Hispanic,2
925,1,98,1,2,4,6,6,6,4,3,7,6,3,6,4,1,7,4,6,5,6,3.538,1996,2,2,1,,1
926,1,70,2,1,2,6,6,6,6,6,6,6,2,6,6,6,6,2,5,5,8,2.845,1995,2,2,6,Caucasian. I am not a crayon.,2
927,1,84,1,1,1,7,7,6,5,5,7,7,1,7,7,6,7,3,6,7,9,3.549,1994,2,2,1,,2
928,1,78,2,2,4,4,4,4,4,4,4,4,4,4,4,4,4,4,4,4,11,3.334,1992,1,2,1,,5
929,1,95,1,1,2,7,7,7,7,7,7,7,6,5,5,2,1,6,1,5,9,2.800,1995,2,2,1,,1
930,1,60,1,1,1,7,7,6,5,6,7,7,1,7,6,4,5,1,7,4,6,2.462,1995,1,2,6,what does it matter,1
931,1,60,4,4,5,5,5,4,5,2,5,4,5,5,5,5,6,6,3,2,5,3.211,1993,1,2,1,,1
932,1,71,2,3,3,5,5,4,4,5,5,6,3,6,7,4,4,3,2,6,8,3.875,1996,2,1,1,,1
933,1,58,2,1,2,7,7,7,6,7,7,7,3,7,7,7,7,3,7,7,3,2.992,1998,2,2,1,,1
934,0,90,1,2,3,6,7,5,6,6,7,7,1,7,7,7,7,5,7,7,1,3.438,1999,2,2,1,,1
935,0,70,1,2,1,7,6,5,6,6,6,7,1,7,7,5,7,2,7,6,5,3.948,1997,2,2,1,,1
936,0,81,2,1,1,7,5,5,7,7,5,7,1,7,7,7,7,5,5,7,8,2.490,1996,2,2,7,,2
937,1,45,1,1,1,7,7,7,6,6,7,7,5,6,7,5,3,6,1,1,8,3.510,1995,2,2,1,,1
938,1,60,2,2,1,7,5,4,7,7,7,7,1,7,7,4,7,1,7,7,5,3.837,1995,1,2,1,,2
939,1,75,2,2,4,5,5,6,4,6,5,4,1,6,6,6,5,3,5,1,9,3.470,1996,2,2,7,,2
940,1,83,1,2,1,6,6,5,3,6,7,7,1,7,7,6,7,3,7,7,3,3.381,1999,2,2,1,,1
941,1,92,1,2,4,4,4,4,4,4,4,4,1,7,6,6,6,3,4,7,3,1.991,1998,1,2,1,,1
942,1,70,3,2,6,6,6,6,6,6,7,7,3,4,3,4,6,6,3,6,9,3.499,1995,1,2,1,,2
943,1,51,2,1,1,7,7,7,7,7,7,7,1,7,7,7,7,1,7,7,8,3.515,1997,2,2,1,,2
944,1,80,1,1,2,5,3,3,4,4,5,7,2,5,7,4,4,5,7,7,3,3.048,1993,2,1,1,,1
945,1,76,1,1,2,6,5,6,4,5,6,6,6,7,7,5,5,3,6,5,9,3.088,1991,1,2,1,,2
946,1,89,1,1,4,6,6,4,6,3,6,5,1,7,7,6,7,5,7,7,8,3.268,1991,1,2,6,American,1
947,1,80,1,1,2,7,6,6,5,6,7,7,1,7,7,5,7,2,7,6,8,3.510,1992,2,1,3,,1
948,1,66,4,4,2,5,5,5,5,5,5,5,1,7,6,7,6,2,6,6,11,2.749,1990,1,2,1,,1
949,1,72,3,3,3,5,6,4,5,3,5,5,2,5,5,4,5,3,2,2,8,3.459,1995,1,2,1,,5
950,1,94,1,1,2,7,7,7,5,7,5,5,1,7,7,5,6,1,6,7,8,3.775,1997,2,2,1,,2
951,1,91,1,1,2,6,6,6,4,5,6,7,1,7,7,7,6,2,6,6,7,3.352,1995,1,2,1,,1
952,1,70,3,2,2,6,6,5,5,5,5,6,5,6,5,5,6,2,5,3,7,3.583,1998,2,2,1,,5
953,1,90,1,2,2,6,6,6,6,6,6,6,1,6,6,6,6,2,6,6,6,3.713,1998,2,2,1,,1
954,1,87,1,1,2,6,5,6,5,6,6,7,2,6,5,2,4,5,3,7,10,2.907,1992,1,2,1,,1
955,1,87,1,1,1,7,7,6,6,6,7,7,1,7,7,7,7,2,7,7,7,3.121,1999,2,1,6,Hispanic,1
956,1,91,1,1,5,4,6,4,5,5,4,5,5,5,2,4,5,2,5,1,9,3.504,1997,1,2,1,,1
957,1,40,2,2,1,7,7,7,7,7,7,7,1,7,7,7,7,1,7,7,7,3.301,1997,1,2,5,,1
958,1,51,1,1,4,5,5,5,4,5,5,6,2,7,7,6,6,4,6,3,8,3.309,1995,1,2,1,,1
959,1,71,1,1,1,7,7,7,7,7,7,7,1,7,7,7,7,4,7,7,5,2.890,1994,1,2,1,,1
960,1,60,2,2,2,6,6,4,4,6,6,6,1,7,6,5,7,2,7,6,6,3.352,1996,2,2,1,,1
961,1,59,1,2,2,7,7,5,6,5,6,6,1,7,7,7,7,1,7,7,8,3.741,1996,2,2,1,,2
962,1,58,2,3,1,5,5,5,6,6,6,6,1,7,7,7,7,5,6,6,8,3.784,1994,1,2,1,,1
963,1,80,1,1,1,7,7,7,6,7,7,7,1,7,7,7,6,1,7,7,7,3.251,1997,2,2,1,,1
964,1,90,1,1,3,7,7,7,6,4,6,5,1,7,6,7,7,3,7,7,8,1.803,1991,1,2,1,,2
965,1,61,2,1,1,7,7,6,7,7,7,7,1,7,7,7,7,1,7,7,5,3.786,1996,2,2,1,,4
966,1,90,2,3,1,7,7,7,5,7,7,7,1,7,6,6,6,2,7,7,6,3.583,1996,2,2,1,,1
967,1,80,2,1,1,7,7,7,4,6,6,6,1,7,7,7,6,6,1,7,9,3.448,1994,1,2,1,,5
968,1,65,1,1,1,6,6,3,3,6,7,7,1,6,5,6,5,1,7,6,9,3.386,1996,2,2,1,,1
969,1,90,3,1,3,7,5,4,3,5,1,5,1,7,7,7,7,7,2,5,9,2.563,1994,2,1,7,,2
970,1,79,2,1,3,5,6,6,6,6,6,6,1,7,7,7,7,3,7,7,8,3.262,1994,1,2,1,,2
971,1,90,1,1,1,7,7,7,7,7,7,7,1,7,7,7,7,1,7,5,6,3.008,1998,2,2,1,,1
972,1,100,1,2,6,7,7,7,6,7,5,7,7,7,7,7,7,6,7,7,10,3.293,1994,1,2,1,,1
973,1,100,1,1,2,6,6,6,6,6,7,7,1,7,6,6,6,4,5,5,7,2.755,1995,1,2,1,,5
974,1,90,2,2,1,7,7,7,4,6,6,6,1,7,7,5,4,4,4,3,8,3.538,1998,2,2,1,,5
975,1,92,1,2,1,7,6,6,6,6,5,7,1,7,6,7,7,5,5,4,5,2.715,1993,1,1,1,,5
976,1,70,1,2,3,6,6,6,6,5,6,6,1,7,7,5,6,2,5,5,8,2.997,1995,2,2,1,,4
977,1,91,2,2,1,5,6,5,4,5,7,7,1,7,6,5,5,3,6,6,7,3.517,1995,1,2,1,,1
978,1,81,1,2,2,6,6,6,4,7,7,7,2,7,6,6,3,2,3,5,8,3.465,1994,1,2,7,,1
979,1,76,3,3,2,5,5,5,4,5,6,6,3,6,5,7,6,3,6,5,5,3.521,1999,2,2,1,,1
980,1,71,3,2,3,7,7,6,6,1,5,5,2,5,3,4,1,6,7,5,8,3.003,1997,2,2,1,,4
981,1,58,3,3,4,4,5,5,5,5,3,5,2,6,6,6,6,4,3,6,11,3.313,1994,2,2,1,,1
982,1,100,1,1,1,7,7,7,5,5,7,7,2,6,6,4,6,6,4,7,7,3.639,1997,1,2,1,,1
983,1,89,1,3,1,7,7,6,7,6,7,6,1,7,7,6,6,3,6,5,8,3.741,1995,1,2,1,,1
984,1,65,1,1,2,7,7,7,7,7,7,7,1,7,7,7,7,1,7,3,5,3.589,1997,2,2,4,,2
985,1,50,3,3,2,5,4,6,6,5,6,6,1,7,7,4,5,1,7,7,10,2.456,1992,1,2,1,,2
986,1,81,4,3,7,7,6,6,7,2,7,7,1,7,6,7,7,2,7,7,6,3.008,1993,2,2,1,,1
987,1,59,2,1,4,5,4,5,4,6,6,7,5,7,7,7,6,3,7,7,4,3.778,1998,2,1,1,,1
988,1,50,1,1,2,6,7,6,6,6,6,6,1,7,5,7,6,3,5,4,8,2.862,1994,1,2,1,,5
989,1,81,2,3,6,5,5,5,6,7,7,7,1,6,5,3,6,5,6,7,10,2.699,1992,1,2,1,,1
990,1,100,1,1,4,4,4,4,3,5,3,5,4,4,4,4,4,4,4,4,8,3.577,1993,1,1,1,,4
991,1,75,1,2,1,5,4,6,1,7,6,4,5,6,6,1,4,7,6,5,7,3.561,1998,2,1,6,Mexican,4
992,1,60,2,2,3,6,6,6,6,4,7,7,1,5,6,3,6,3,6,6,9,2.811,1992,2,1,1,,5
993,1,61,4,3,3,5,5,5,3,5,3,5,1,6,5,5,3,5,2,5,12,3.758,1992,2,2,1,,2
994,1,87,1,1,1,7,7,7,6,7,7,7,1,7,7,7,7,1,7,7,9,2.890,1985,1,2,1,,2
995,1,75,3,3,3,5,5,5,3,6,6,7,3,5,6,4,3,4,5,6,8,3.132,1991,1,2,1,,2
996,1,60,1,1,2,6,6,4,6,6,5,5,5,6,6,5,6,4,5,6,9,2.777,1993,2,2,1,,1
997,1,80,1,1,5,6,6,6,6,3,3,4,1,7,7,6,7,1,1,6,10,2.524,1996,2,1,7,,2
998,1,67,1,3,7,7,5,5,6,7,7,7,1,7,5,6,7,1,7,7,12,3.026,1995,2,2,1,,2
999,1,70,2,3,5,5,5,5,3,1,5,6,2,7,7,5,7,6,6,6,5,3.827,1998,2,2,1,,1
1000,1,90,1,1,1,7,7,5,7,7,7,7,1,7,7,6,7,5,7,7,8,3.020,1996,1,2,5,,2
1001,1,71,1,1,1,7,7,7,7,7,7,5,1,6,6,6,7,2,7,7,12,4.000,1975,1,2,1,,2
1002,1,90,1,1,1,6,6,4,6,7,7,7,6,6,6,4,6,5,4,5,8,3.322,1995,2,2,4,,2
1003,1,80,3,4,1,7,7,7,7,6,5,7,1,7,7,7,7,5,5,6,9,2.761,1995,1,2,1,,1
1004,1,65,1,1,1,7,7,7,7,7,7,7,7,7,7,7,7,1,7,7,3,3.626,1999,2,2,1,,1
1005,1,75,2,3,2,6,5,5,6,5,7,5,1,7,7,6,6,1,7,7,8,3.243,1995,2,2,1,,1
1006,1,70,1,2,1,7,6,5,4,6,7,7,3,5,4,3,7,5,3,7,11,3.082,1995,2,2,1,,2
1007,1,27,3,4,6,5,4,4,4,3,2,1,3,7,5,5,4,6,7,7,9,2.710,1995,2,2,1,,2
1008,1,95,1,1,2,6,6,6,6,4,6,6,1,7,7,6,7,3,7,7,7,3.938,1998,2,2,1,,2
1009,1,71,2,1,6,6,7,6,6,5,5,6,1,7,7,6,7,5,7,6,9,3.110,1994,1,2,1,,2
1010,1,90,2,3,1,7,7,7,7,7,7,7,7,7,7,7,7,1,7,7,5,2.541,1997,2,2,1,,1
1011,1,84,1,1,3,5,5,5,7,6,4,7,3,5,5,5,7,3,4,6,8,4.000,1993,2,2,4,,2
1012,1,29,3,1,1,7,7,6,6,5,6,6,1,6,4,3,5,3,6,5,8,3.814,1995,2,2,1,,2
1013,1,85,1,1,2,5,5,5,5,5,5,6,2,7,6,4,5,3,6,5,8,3.476,1994,1,2,1,,2
1014,1,91,1,2,6,6,5,5,5,6,6,7,5,7,7,4,5,3,6,6,4,2.992,1996,1,2,1,,1
1015,1,76,4,2,2,6,7,6,5,3,6,7,3,6,7,6,5,5,6,5,8,3.262,1997,2,2,1,,2
1016,1,76,2,3,2,6,6,6,6,6,6,6,3,5,5,4,5,3,5,2,8,2.631,1994,1,2,1,,2
1017,1,88,1,1,1,6,6,5,5,6,6,7,3,6,7,2,3,7,1,5,8,3.904,1994,1,2,1,,2
1018,1,70,3,4,3,4,4,5,3,5,6,6,5,5,5,3,5,1,6,6,5,4.000,1998,2,2,1,,1
1019,1,68,3,3,1,7,7,7,7,7,7,5,1,7,7,5,6,1,4,4,4,3.713,1999,2,2,1,,1
1020,1,75,2,3,6,7,7,6,7,5,7,7,7,7,7,4,4,5,7,7,10,3.048,1995,2,2,1,,1
1021,1,70,1,2,1,7,7,7,6,5,7,7,1,7,7,7,7,5,7,7,9,3.031,1997,1,2,1,,5
1022,1,75,1,1,1,7,6,4,4,6,6,6,1,7,7,6,5,3,6,7,10,3.583,1991,1,2,1,,2
1023,1,95,3,3,3,7,6,6,5,5,7,7,5,5,5,5,4,4,6,4,10,3.251,1995,2,2,1,,2
1024,1,71,1,2,1,7,6,6,7,5,7,7,1,7,7,7,7,1,7,7,12,3.696,1991,2,2,1,,1
1025,1,90,4,2,4,5,6,1,4,2,7,5,1,7,7,5,6,3,7,7,8,3.239,1993,2,2,1,,2
1026,1,64,2,2,2,6,5,4,5,6,6,5,1,6,6,6,6,2,7,7,4,3.381,1998,2,2,1,,2
1027,1,62,3,3,3,4,4,4,4,4,4,4,1,6,5,5,6,5,5,6,1,3.531,1996,1,2,1,,1
1028,1,76,2,1,3,5,5,5,4,4,5,5,3,6,4,4,4,5,2,2,11,2.485,1992,1,2,1,,2
1029,1,82,2,2,2,4,5,4,2,5,6,6,3,2,6,2,1,6,5,5,8,3.544,1989,1,2,1,,4
1030,1,60,4,2,2,4,5,5,3,2,5,3,3,5,7,3,4,6,5,3,11,3.206,1991,1,2,1,,2
1031,1,97,1,1,3,5,4,6,4,6,5,6,2,6,7,5,2,4,6,7,10,3.123,1995,2,2,1,,2
1032,1,100,1,1,1,7,7,7,7,5,7,7,1,7,7,4,7,1,7,7,10,3.775,1988,2,2,6,Mediterranean ,1
1033,1,75,1,2,3,4,3,4,3,5,5,6,4,6,6,5,4,5,5,4,5,3.224,1993,1,2,2,,1
1034,1,71,1,1,2,7,7,7,7,6,7,7,1,7,7,6,7,3,7,6,10,3.857,1995,2,2,1,,2
1035,1,71,2,2,4,6,7,6,5,6,6,6,2,7,6,6,6,3,6,6,9,3.724,1995,2,2,1,,1
1036,1,85,1,1,2,6,6,7,4,5,6,7,1,6,5,5,4,2,6,5,9,3.217,1994,1,2,1,,2
1037,1,70,2,1,2,6,6,7,5,5,4,6,1,7,6,6,6,2,6,6,6,3.183,1995,2,2,1,,2
1038,1,58,3,4,3,6,7,5,6,7,6,7,3,7,6,6,7,3,6,6,9,3.110,1997,2,2,1,,1
1039,1,85,1,1,1,7,7,7,5,6,7,7,1,7,7,7,5,1,7,7,8,3.335,1991,2,2,1,,2
1040,1,51,3,2,3,3,3,4,2,4,4,5,3,4,4,3,3,5,5,4,7,3.373,1994,1,2,1,,2
1041,1,82,2,1,1,7,7,7,6,5,7,7,1,7,7,6,7,3,7,7,10,3.258,1995,2,2,1,,2
1042,1,80,3,3,5,5,5,4,5,4,5,5,5,7,7,7,7,3,6,7,5,3.510,1995,2,2,1,,1
1043,1,87,2,3,5,5,4,2,5,2,6,7,1,7,7,6,7,1,7,7,3,2.535,1997,2,2,1,,1
1044,1,71,3,3,1,7,7,6,7,7,7,7,1,7,7,7,7,1,7,7,9,3.155,1993,1,2,1,,1
1045,1,66,2,1,1,5,5,5,5,3,5,3,7,7,7,5,7,5,5,5,6,2.952,1999,2,2,1,,2
1046,1,94,1,1,1,7,7,4,3,7,7,7,1,7,3,5,2,1,7,7,8,2.968,1996,2,2,1,,2
1047,1,78,2,2,5,6,5,5,4,7,5,6,4,7,7,6,6,1,6,7,11,3.600,1995,2,2,1,,2
1048,1,39,2,4,3,5,6,7,5,7,7,7,1,6,6,4,7,5,6,5,6,3.341,1996,1,2,1,,1
1049,1,80,3,3,1,7,6,6,7,5,7,7,1,7,7,7,7,1,7,7,1,3.544,2000,2,2,1,,1
1050,1,95,1,2,3,6,6,5,4,5,5,6,3,6,6,7,4,3,5,6,8,3.572,1995,1,2,1,,5
1051,1,84,2,3,1,6,5,4,6,6,6,6,1,7,7,7,7,1,7,7,7,2.379,1995,1,2,1,,1
1052,1,85,2,3,4,2,6,2,1,7,5,7,1,7,6,5,5,5,5,7,8,3.904,1994,1,2,1,,1
1053,1,85,1,1,4,5,6,6,5,5,5,5,3,6,6,5,5,5,6,6,8,2.368,1992,1,2,1,,1
1054,1,85,2,3,5,4,5,4,4,6,5,7,7,7,7,6,7,2,6,7,9,2.841,1993,1,2,5,,1
1055,1,81,1,1,4,7,7,7,7,4,5,4,4,4,3,3,5,3,5,4,8,3.893,1995,2,2,4,,5
1056,1,92,1,1,4,3,3,3,4,6,6,6,2,5,4,3,3,5,3,4,9,2.501,1994,1,2,1,,1
1057,1,81,1,1,1,7,7,7,7,7,7,7,1,7,7,7,7,1,7,7,8,2.811,1996,1,2,1,,1
1058,1,71,2,2,3,5,5,5,5,5,5,5,3,7,6,3,5,3,5,5,7,3.544,1991,1,1,6,Mexican/Japanese,1
1059,1,95,1,1,4,4,5,3,3,5,5,6,1,5,5,3,5,5,7,7,5,3.358,1995,1,2,1,,5
1060,1,80,1,1,2,6,6,6,6,6,7,6,1,7,7,7,4,5,7,7,11,3.003,1993,1,2,1,,5
1061,1,91,1,1,2,7,5,6,3,5,6,6,1,7,6,7,4,2,6,5,8,3.769,1994,1,2,1,,5
1062,1,92,1,2,2,6,6,6,6,6,7,7,1,7,7,7,7,1,7,7,8,3.335,1996,2,2,1,,1
1063,1,93,1,1,2,5,4,6,5,2,5,7,1,7,5,4,6,6,5,6,9,2.744,1990,2,1,1,,1
1064,1,80,1,1,3,5,4,4,4,5,7,7,1,7,6,5,7,2,7,7,8,3.031,1994,1,2,1,,1
1065,1,78,1,1,2,5,4,4,5,3,5,6,1,6,6,3,5,6,6,6,4,1.854,1994,1,2,1,,1
1066,1,95,1,1,1,7,4,4,7,7,7,7,1,7,7,7,7,1,7,7,11,3.679,1994,1,1,1,,1
1067,1,93,1,1,3,5,5,4,5,3,6,6,1,7,5,4,7,4,7,7,9,3.577,1997,1,2,1,,1
1068,1,80,3,4,1,7,7,7,7,7,5,7,1,7,6,6,7,1,5,5,8,2.169,1996,2,2,1,,1
1069,1,90,2,2,2,2,6,5,7,5,7,7,1,7,5,5,6,4,5,5,5,4.000,1996,2,2,1,,1
1070,1,75,2,1,2,6,6,6,6,6,7,5,5,5,5,3,5,3,5,3,10,3.831,1997,2,1,7,,5
1071,1,60,1,1,1,7,7,7,4,7,7,7,1,7,7,7,4,1,7,7,10,3.837,1996,1,2,1,,5
1072,1,85,1,1,1,6,5,4,4,5,6,5,1,7,7,5,5,5,7,5,11,3.546,1995,2,2,1,,1
1073,1,92,1,1,7,7,7,7,7,6,6,7,1,6,6,5,2,2,1,2,8,3.825,2000,2,2,1,,1
1074,1,82,1,2,1,6,7,5,4,7,7,7,1,7,7,7,7,1,7,7,5,2.824,1995,1,2,1,,1
1075,1,90,2,2,2,6,5,6,3,5,3,4,1,7,6,6,5,1,6,7,9,3.859,1998,2,2,1,,2
1076,1,90,1,2,7,7,7,7,7,7,7,7,1,7,7,7,7,1,7,7,8,3.572,1997,2,2,1,,5
1077,1,71,1,1,2,7,7,5,4,5,7,7,7,7,6,6,7,5,7,7,10,3.324,1996,2,2,1,,1
1078,1,75,1,2,2,7,5,5,6,5,5,6,1,7,7,6,4,3,7,7,5,4.000,1996,1,2,1,,1
1079,1,82,1,1,2,6,5,5,6,5,4,5,1,7,7,7,6,2,7,7,9,3.752,1997,2,2,1,,2
1080,1,76,2,2,2,6,6,6,6,6,6,6,1,6,7,6,6,3,6,5,11,3.859,1994,2,2,1,,2
1081,1,69,3,3,5,6,5,2,4,5,6,5,2,7,7,7,6,6,7,7,8,1.780,1996,1,2,1,,1
1082,1,80,1,1,2,7,7,7,4,6,7,7,1,7,7,7,4,4,6,6,12,3.713,1992,1,2,1,,2